"Date","Price","Open","High","Low","Change %"
"Feb 19, 2022","2.184","2.184","2.184","2.184","0.00%"
"Feb 18, 2022","2.184","2.170","2.246","2.148","-2.46%"
"Feb 17, 2022","2.239","2.213","2.250","2.212","0.18%"
"Feb 16, 2022","2.235","2.240","2.257","2.219","3.00%"
"Feb 15, 2022","2.170","2.181","2.220","2.170","1.97%"
"Feb 14, 2022","2.128","2.086","2.136","2.066","1.33%"
"Feb 12, 2022","2.100","2.100","2.100","2.100","-3.45%"
"Feb 11, 2022","2.175","2.208","2.219","2.141","4.57%"
"Feb 10, 2022","2.080","2.103","2.113","2.077","-0.48%"
"Feb 09, 2022","2.090","2.118","2.157","2.082","0.43%"
"Feb 08, 2022","2.081","2.014","2.083","2.014","4.73%"
"Feb 07, 2022","1.987","2.015","2.057","1.986","-1.73%"
"Feb 06, 2022","2.022","2.015","2.057","1.997","0.50%"
"Feb 05, 2022","2.012","2.012","2.012","2.012","3.29%"
"Feb 04, 2022","1.948","1.901","1.950","1.901","4.67%"
"Feb 03, 2022","1.861","1.887","1.889","1.844","-2.62%"
"Feb 02, 2022","1.911","1.925","1.939","1.906","0.05%"
"Feb 01, 2022","1.910","1.907","1.942","1.892","-0.10%"
"Jan 31, 2022","1.912","1.919","1.962","1.893","0.90%"
"Jan 30, 2022","1.895","1.919","1.962","1.895","-1.04%"
"Jan 29, 2022","1.915","1.935","1.935","1.915","-1.85%"
"Jan 28, 2022","1.951","1.964","1.967","1.940","-3.80%"
"Jan 27, 2022","2.028","2.016","2.051","2.008","2.74%"
"Jan 26, 2022","1.974","1.903","1.981","1.903","0.82%"
"Jan 25, 2022","1.958","1.903","1.962","1.903","1.66%"
"Jan 24, 2022","1.926","1.881","1.930","1.849","1.53%"
"Jan 23, 2022","1.897","1.881","1.897","1.849","0.90%"
"Jan 22, 2022","1.880","1.880","1.880","1.880","-0.69%"
"Jan 21, 2022","1.893","1.959","1.998","1.892","-4.78%"
"Jan 20, 2022","1.988","1.959","2.003","1.959","-0.50%"
"Jan 19, 2022","1.998","1.985","2.013","1.977","3.68%"
"Jan 18, 2022","1.927","1.902","1.929","1.882","0.89%"
"Jan 17, 2022","1.910","1.871","1.921","1.871","0.90%"
"Jan 16, 2022","1.893","1.871","1.902","1.871","1.18%"
"Jan 15, 2022","1.871","1.871","1.871","1.871","1.35%"
"Jan 14, 2022","1.846","1.810","1.866","1.804","0.00%"
"Jan 13, 2022","1.846","1.841","1.866","1.836","0.00%"
"Jan 12, 2022","1.846","1.864","1.875","1.830","-1.81%"
"Jan 11, 2022","1.880","1.884","1.903","1.861","-1.57%"
"Jan 10, 2022","1.910","1.874","1.915","1.863","1.70%"
"Jan 09, 2022","1.878","1.874","1.882","1.863","0.21%"
"Jan 08, 2022","1.874","1.874","1.874","1.874","2.13%"
"Jan 07, 2022","1.835","1.845","1.857","1.820","-0.38%"
"Jan 06, 2022","1.842","1.819","1.843","1.795","4.72%"
"Jan 05, 2022","1.759","1.752","1.773","1.717","0.92%"
"Jan 04, 2022","1.743","1.651","1.807","1.643","-1.91%"
"Jan 03, 2022","1.777","1.670","1.790","1.643","6.41%"
"Jan 02, 2022","1.670","1.670","1.670","1.670","0.00%"
"Jan 01, 2022","1.670","1.670","1.670","1.670","-0.36%"
"Dec 31, 2021","1.676","1.621","1.677","1.602","3.39%"
"Dec 30, 2021","1.621","1.607","1.638","1.576","4.92%"
"Dec 29, 2021","1.545","1.587","1.616","1.541","-2.22%"
"Dec 28, 2021","1.580","1.587","1.616","1.578","-0.88%"
"Dec 27, 2021","1.594","1.594","1.594","1.594","0.25%"
"Dec 24, 2021","1.590","1.622","1.638","1.584","-0.50%"
"Dec 23, 2021","1.598","1.621","1.625","1.598","-0.87%"
"Dec 22, 2021","1.612","1.645","1.645","1.610","0.37%"
"Dec 21, 2021","1.606","1.607","1.617","1.571","2.16%"
"Dec 20, 2021","1.572","1.590","1.597","1.545","-0.82%"
"Dec 19, 2021","1.585","1.590","1.596","1.578","-0.19%"
"Dec 18, 2021","1.588","1.588","1.588","1.588","-1.98%"
"Dec 17, 2021","1.620","1.593","1.620","1.565","1.25%"
"Dec 16, 2021","1.600","1.602","1.634","1.567","0.76%"
"Dec 15, 2021","1.588","1.591","1.591","1.566","2.72%"
"Dec 14, 2021","1.546","1.569","1.633","1.538","-4.98%"
"Dec 13, 2021","1.627","1.650","1.652","1.600","1.31%"
"Dec 12, 2021","1.606","1.650","1.652","1.600","-2.49%"
"Dec 11, 2021","1.647","1.653","1.653","1.647","-0.18%"
"Dec 10, 2021","1.650","1.658","1.667","1.614","-2.42%"
"Dec 09, 2021","1.691","1.662","1.702","1.651","2.86%"
"Dec 08, 2021","1.644","1.700","1.716","1.639","1.61%"
"Dec 07, 2021","1.618","1.605","1.620","1.572","2.47%"
"Dec 06, 2021","1.579","1.548","1.583","1.518","1.48%"
"Dec 05, 2021","1.556","1.548","1.566","1.518","0.65%"
"Dec 04, 2021","1.546","1.546","1.546","1.546","-4.74%"
"Dec 03, 2021","1.623","1.674","1.682","1.613","-1.76%"
"Dec 02, 2021","1.652","1.659","1.666","1.614","-4.51%"
"Dec 01, 2021","1.730","1.698","1.749","1.664","-1.14%"
"Nov 30, 2021","1.750","1.728","1.768","1.693","-1.07%"
"Nov 29, 2021","1.769","1.675","1.782","1.637","4.74%"
"Nov 28, 2021","1.689","1.675","1.704","1.637","1.44%"
"Nov 27, 2021","1.665","1.665","1.665","1.665","-6.83%"
"Nov 26, 2021","1.787","1.864","1.889","1.782","-4.18%"
"Nov 25, 2021","1.865","1.866","1.879","1.851","-1.27%"
"Nov 24, 2021","1.889","1.899","1.932","1.886","0.37%"
"Nov 23, 2021","1.882","1.883","1.902","1.876","4.04%"
"Nov 22, 2021","1.809","1.773","1.820","1.771","1.74%"
"Nov 21, 2021","1.778","1.773","1.820","1.771","0.17%"
"Nov 20, 2021","1.775","1.775","1.775","1.775","-3.16%"
"Nov 19, 2021","1.833","1.810","1.840","1.810","1.95%"
"Nov 18, 2021","1.798","1.831","1.838","1.796","-3.07%"
"Nov 17, 2021","1.855","1.874","1.893","1.828","1.03%"
"Nov 16, 2021","1.836","1.832","1.845","1.826","3.90%"
"Nov 15, 2021","1.767","1.797","1.809","1.765","-0.84%"
"Nov 14, 2021","1.782","1.797","1.797","1.772","-0.78%"
"Nov 13, 2021","1.796","1.796","1.808","1.796","-0.66%"
"Nov 12, 2021","1.808","1.849","1.855","1.805","-1.09%"
"Nov 11, 2021","1.828","1.853","1.875","1.809","4.46%"
"Nov 10, 2021","1.750","1.761","1.764","1.738","-2.13%"
"Nov 09, 2021","1.788","1.804","1.819","1.782","0.56%"
"Nov 08, 2021","1.778","1.741","1.789","1.703","1.02%"
"Nov 07, 2021","1.760","1.741","1.761","1.703","1.09%"
"Nov 06, 2021","1.741","1.741","1.741","1.741","-2.74%"
"Nov 05, 2021","1.790","1.756","1.828","1.756","-4.38%"
"Nov 04, 2021","1.872","1.845","1.902","1.845","1.79%"
"Nov 03, 2021","1.839","1.842","1.899","1.834","-8.14%"
"Nov 02, 2021","2.002","1.938","2.003","1.915","2.72%"
"Nov 01, 2021","1.949","1.945","1.974","1.922","0.05%"
"Oct 31, 2021","1.948","1.945","1.974","1.941","0.15%"
"Oct 30, 2021","1.945","1.945","1.945","1.945","-2.51%"
"Oct 29, 2021","1.995","1.951","1.997","1.870","7.32%"
"Oct 28, 2021","1.859","1.797","1.906","1.777","0.22%"
"Oct 27, 2021","1.855","1.797","1.883","1.787","2.88%"
"Oct 26, 2021","1.803","1.762","1.808","1.741","1.52%"
"Oct 25, 2021","1.776","1.769","1.793","1.754","0.74%"
"Oct 24, 2021","1.763","1.769","1.793","1.754","-0.34%"
"Oct 23, 2021","1.769","1.769","1.769","1.769","-3.02%"
"Oct 22, 2021","1.824","1.826","1.852","1.791","-0.49%"
"Oct 21, 2021","1.833","1.773","1.844","1.773","1.72%"
"Oct 20, 2021","1.802","1.748","1.864","1.748","3.38%"
"Oct 19, 2021","1.743","1.756","1.787","1.709","0.46%"
"Oct 18, 2021","1.735","1.691","1.748","1.691","0.64%"
"Oct 17, 2021","1.724","1.662","1.731","1.662","1.71%"
"Oct 16, 2021","1.695","1.662","1.695","1.662","1.38%"
"Oct 15, 2021","1.672","1.606","1.675","1.599","2.01%"
"Oct 14, 2021","1.639","1.629","1.669","1.629","-3.36%"
"Oct 13, 2021","1.696","1.693","1.730","1.683","-1.97%"
"Oct 12, 2021","1.730","1.747","1.775","1.721","0.64%"
"Oct 11, 2021","1.719","1.672","1.719","1.651","1.90%"
"Oct 10, 2021","1.687","1.672","1.703","1.651","0.90%"
"Oct 09, 2021","1.672","1.652","1.672","1.652","0.12%"
"Oct 08, 2021","1.670","1.620","1.670","1.593","5.16%"
"Oct 07, 2021","1.588","1.564","1.606","1.533","0.70%"
"Oct 06, 2021","1.577","1.539","1.579","1.538","4.09%"
"Oct 05, 2021","1.515","1.500","1.529","1.468","1.47%"
"Oct 04, 2021","1.493","1.499","1.508","1.474","-0.33%"
"Oct 03, 2021","1.498","1.493","1.499","1.484","0.67%"
"Oct 02, 2021","1.488","1.498","1.498","1.488","0.00%"
"Oct 01, 2021","1.488","1.465","1.522","1.465","0.47%"
"Sep 30, 2021","1.481","1.476","1.483","1.462","-1.40%"
"Sep 29, 2021","1.502","1.481","1.510","1.481","2.39%"
"Sep 28, 2021","1.467","1.445","1.478","1.428","4.56%"
"Sep 27, 2021","1.403","1.395","1.428","1.362","0.57%"
"Sep 25, 2021","1.395","1.395","1.395","1.395","-1.27%"
"Sep 24, 2021","1.413","1.359","1.418","1.348","13.22%"
"Sep 23, 2021","1.248","1.247","1.273","1.230","-1.81%"
"Sep 22, 2021","1.271","1.265","1.298","1.254","-1.55%"
"Sep 21, 2021","1.291","1.285","1.295","1.271","0.08%"
"Sep 20, 2021","1.290","1.310","1.320","1.290","-2.79%"
"Sep 18, 2021","1.327","1.327","1.327","1.327","1.84%"
"Sep 17, 2021","1.303","1.302","1.320","1.291","3.74%"
"Sep 16, 2021","1.256","1.241","1.267","1.237","3.37%"
"Sep 15, 2021","1.215","1.228","1.236","1.205","-3.95%"
"Sep 14, 2021","1.265","1.246","1.281","1.246","0.72%"
"Sep 13, 2021","1.256","1.240","1.296","1.240","-0.71%"
"Sep 11, 2021","1.265","1.265","1.265","1.265","2.18%"
"Sep 10, 2021","1.238","1.240","1.246","1.223","-2.60%"
"Sep 09, 2021","1.271","1.273","1.287","1.269","-1.70%"
"Sep 08, 2021","1.293","1.305","1.307","1.288","1.97%"
"Sep 07, 2021","1.268","1.277","1.279","1.263","0.48%"
"Sep 06, 2021","1.262","1.248","1.293","1.248","2.94%"
"Sep 03, 2021","1.226","1.209","1.226","1.192","1.32%"
"Sep 02, 2021","1.210","1.211","1.232","1.200","-3.12%"
"Sep 01, 2021","1.249","1.201","1.253","1.201","8.14%"
"Aug 31, 2021","1.155","1.150","1.156","1.139","-2.53%"
"Aug 30, 2021","1.185","1.181","1.190","1.164","0.34%"
"Aug 28, 2021","1.181","1.181","1.181","1.181","-2.24%"
"Aug 27, 2021","1.208","1.210","1.212","1.195","2.20%"
"Aug 26, 2021","1.182","1.193","1.195","1.178","1.29%"
"Aug 25, 2021","1.167","1.173","1.193","1.162","3.09%"
"Aug 24, 2021","1.132","1.107","1.132","1.107","3.19%"
"Aug 23, 2021","1.097","1.069","1.105","1.053","2.43%"
"Aug 21, 2021","1.071","1.071","1.071","1.071","-0.37%"
"Aug 20, 2021","1.075","1.081","1.087","1.066","-3.07%"
"Aug 19, 2021","1.109","1.139","1.157","1.106","-3.40%"
"Aug 18, 2021","1.148","1.137","1.148","1.122","-0.78%"
"Aug 17, 2021","1.157","1.175","1.197","1.152","0.96%"
"Aug 16, 2021","1.146","1.187","1.200","1.143","-3.45%"
"Aug 14, 2021","1.187","1.187","1.187","1.187","-2.38%"
"Aug 13, 2021","1.216","1.219","1.239","1.212","1.67%"
"Aug 12, 2021","1.196","1.212","1.214","1.191","-2.37%"
"Aug 11, 2021","1.225","1.226","1.244","1.220","1.74%"
"Aug 10, 2021","1.204","1.226","1.239","1.200","0.00%"
"Aug 09, 2021","1.204","1.177","1.240","1.164","-1.63%"
"Aug 07, 2021","1.224","1.224","1.224","1.224","3.38%"
"Aug 06, 2021","1.184","1.177","1.185","1.164","2.51%"
"Aug 05, 2021","1.155","1.147","1.160","1.144","0.00%"
"Aug 04, 2021","1.155","1.162","1.166","1.155","1.40%"
"Aug 03, 2021","1.139","1.142","1.160","1.133","-3.39%"
"Aug 02, 2021","1.179","1.182","1.210","1.167","-0.92%"
"Jul 31, 2021","1.190","1.190","1.190","1.190","0.08%"
"Jul 30, 2021","1.189","1.182","1.197","1.167","2.59%"
"Jul 29, 2021","1.159","1.157","1.183","1.131","-0.69%"
"Jul 28, 2021","1.167","1.178","1.189","1.164","-2.91%"
"Jul 27, 2021","1.202","1.220","1.262","1.197","0.67%"
"Jul 26, 2021","1.194","1.202","1.217","1.187","-0.67%"
"Jul 24, 2021","1.202","1.202","1.202","1.202","0.50%"
"Jul 23, 2021","1.196","1.214","1.221","1.196","-0.42%"
"Jul 22, 2021","1.201","1.224","1.226","1.196","1.95%"
"Jul 21, 2021","1.178","1.200","1.204","1.175","0.51%"
"Jul 20, 2021","1.172","1.178","1.201","1.168","-5.56%"
"Jul 19, 2021","1.241","1.258","1.272","1.208","-1.43%"
"Jul 17, 2021","1.259","1.259","1.259","1.259","-2.70%"
"Jul 16, 2021","1.294","1.286","1.295","1.274","0.23%"
"Jul 15, 2021","1.291","1.294","1.318","1.285","-4.44%"
"Jul 14, 2021","1.351","1.385","1.407","1.350","1.12%"
"Jul 13, 2021","1.336","1.335","1.340","1.328","0.75%"
"Jul 12, 2021","1.326","1.379","1.379","1.323","-3.91%"
"Jul 10, 2021","1.380","1.380","1.380","1.380","2.53%"
"Jul 09, 2021","1.346","1.321","1.347","1.307","-0.59%"
"Jul 08, 2021","1.354","1.377","1.377","1.337","-2.59%"
"Jul 07, 2021","1.390","1.386","1.392","1.371","-6.02%"
"Jul 06, 2021","1.479","1.457","1.479","1.441","2.85%"
"Jul 05, 2021","1.438","1.428","1.442","1.397","0.77%"
"Jul 03, 2021","1.427","1.427","1.427","1.427","-0.63%"
"Jul 02, 2021","1.436","1.438","1.450","1.435","-3.95%"
"Jul 01, 2021","1.495","1.491","1.496","1.485","-0.73%"
"Jun 30, 2021","1.506","1.482","1.506","1.481","1.07%"
"Jun 29, 2021","1.490","1.492","1.508","1.477","-3.81%"
"Jun 28, 2021","1.549","1.559","1.559","1.533","-0.64%"
"Jun 26, 2021","1.559","1.559","1.559","1.559","2.23%"
"Jun 25, 2021","1.525","1.515","1.527","1.510","0.26%"
"Jun 24, 2021","1.521","1.538","1.538","1.515","-0.59%"
"Jun 23, 2021","1.530","1.533","1.556","1.529","-1.35%"
"Jun 22, 2021","1.551","1.544","1.551","1.528","6.16%"
"Jun 21, 2021","1.461","1.511","1.538","1.461","-3.31%"
"Jun 19, 2021","1.511","1.511","1.511","1.511","-2.95%"
"Jun 18, 2021","1.557","1.554","1.576","1.553","-2.38%"
"Jun 17, 2021","1.595","1.590","1.615","1.578","7.05%"
"Jun 16, 2021","1.490","1.490","1.495","1.482","2.48%"
"Jun 15, 2021","1.454","1.491","1.491","1.445","-2.48%"
"Jun 14, 2021","1.491","1.472","1.495","1.455","1.84%"
"Jun 12, 2021","1.464","1.464","1.464","1.464","2.74%"
"Jun 11, 2021","1.425","1.433","1.451","1.418","-0.97%"
"Jun 10, 2021","1.439","1.469","1.488","1.435","-5.95%"
"Jun 09, 2021","1.530","1.537","1.542","1.525","-3.41%"
"Jun 08, 2021","1.584","1.595","1.612","1.584","0.64%"
"Jun 07, 2021","1.574","1.572","1.584","1.572","0.06%"
"Jun 05, 2021","1.573","1.573","1.573","1.573","-4.26%"
"Jun 04, 2021","1.643","1.630","1.649","1.619","1.92%"
"Jun 03, 2021","1.612","1.651","1.651","1.586","-2.42%"
"Jun 02, 2021","1.652","1.642","1.668","1.634","0.06%"
"Jun 01, 2021","1.651","1.640","1.659","1.616","0.67%"
"May 31, 2021","1.640","1.628","1.677","1.625","0.74%"
"May 29, 2021","1.628","1.643","1.643","1.628","-0.97%"
"May 28, 2021","1.644","1.607","1.646","1.596","2.75%"
"May 27, 2021","1.600","1.603","1.606","1.586","-1.42%"
"May 26, 2021","1.623","1.592","1.625","1.579","-1.28%"
"May 25, 2021","1.644","1.630","1.644","1.629","-1.08%"
"May 24, 2021","1.662","1.670","1.673","1.648","-0.24%"
"May 22, 2021","1.666","1.666","1.666","1.666","-0.66%"
"May 21, 2021","1.677","1.689","1.701","1.677","-1.58%"
"May 20, 2021","1.704","1.731","1.734","1.700","-0.87%"
"May 19, 2021","1.719","1.726","1.731","1.717","-0.87%"
"May 18, 2021","1.734","1.731","1.750","1.728","1.70%"
"May 17, 2021","1.705","1.711","1.723","1.689","-0.35%"
"May 15, 2021","1.711","1.747","1.747","1.711","-1.61%"
"May 14, 2021","1.739","1.740","1.749","1.737","-0.46%"
"May 13, 2021","1.747","1.763","1.767","1.742","1.39%"
"May 12, 2021","1.723","1.724","1.734","1.722","2.99%"
"May 11, 2021","1.673","1.660","1.678","1.656","0.60%"
"May 10, 2021","1.663","1.631","1.666","1.598","1.96%"
"May 08, 2021","1.631","1.631","1.631","1.631","-0.24%"
"May 07, 2021","1.635","1.626","1.637","1.623","-0.79%"
"May 06, 2021","1.648","1.651","1.660","1.639","-1.49%"
"May 05, 2021","1.673","1.690","1.704","1.673","-0.48%"
"May 04, 2021","1.681","1.682","1.689","1.678","-1.18%"
"May 03, 2021","1.701","1.693","1.719","1.692","0.41%"
"May 02, 2021","1.694","1.694","1.694","1.694","0.00%"
"May 01, 2021","1.694","1.700","1.700","1.694","-0.18%"
"Apr 30, 2021","1.697","1.676","1.711","1.670","2.79%"
"Apr 29, 2021","1.651","1.653","1.674","1.640","-1.61%"
"Apr 28, 2021","1.678","1.722","1.735","1.672","-0.18%"
"Apr 27, 2021","1.681","1.693","1.696","1.681","0.06%"
"Apr 26, 2021","1.680","1.657","1.696","1.656","-0.18%"
"Apr 24, 2021","1.683","1.678","1.683","1.678","-0.30%"
"Apr 23, 2021","1.688","1.657","1.689","1.657","2.68%"
"Apr 22, 2021","1.644","1.674","1.674","1.644","-2.26%"
"Apr 21, 2021","1.682","1.700","1.702","1.681","-2.10%"
"Apr 20, 2021","1.718","1.705","1.731","1.694","2.44%"
"Apr 19, 2021","1.677","1.701","1.701","1.671","-1.35%"
"Apr 18, 2021","1.700","1.700","1.700","1.700","-0.29%"
"Apr 17, 2021","1.705","1.689","1.705","1.689","1.79%"
"Apr 16, 2021","1.675","1.678","1.693","1.665","-2.50%"
"Apr 15, 2021","1.718","1.722","1.753","1.712","0.82%"
"Apr 14, 2021","1.704","1.700","1.720","1.691","-2.91%"
"Apr 13, 2021","1.755","1.736","1.757","1.730","2.39%"
"Apr 12, 2021","1.714","1.726","1.758","1.710","-1.04%"
"Apr 10, 2021","1.732","1.726","1.732","1.726","2.91%"
"Apr 09, 2021","1.683","1.653","1.700","1.650","-0.24%"
"Apr 08, 2021","1.687","1.702","1.718","1.677","-1.23%"
"Apr 07, 2021","1.708","1.703","1.719","1.695","-1.84%"
"Apr 06, 2021","1.740","1.763","1.795","1.735","-1.42%"
"Apr 04, 2021","1.765","1.759","1.765","1.759","-1.73%"
"Apr 01, 2021","1.796","1.812","1.826","1.795","-1.86%"
"Mar 31, 2021","1.830","1.779","1.831","1.775","2.81%"
"Mar 30, 2021","1.780","1.753","1.789","1.746","4.89%"
"Mar 29, 2021","1.697","1.716","1.725","1.693","-1.22%"
"Mar 28, 2021","1.718","1.722","1.731","1.706","-0.41%"
"Mar 27, 2021","1.725","1.720","1.725","1.720","3.79%"
"Mar 26, 2021","1.662","1.686","1.699","1.658","-2.81%"
"Mar 25, 2021","1.710","1.681","1.716","1.673","2.89%"
"Mar 24, 2021","1.662","1.704","1.718","1.656","-4.70%"
"Mar 23, 2021","1.744","1.785","1.795","1.743","-0.91%"
"Mar 22, 2021","1.760","1.842","1.844","1.759","-3.30%"
"Mar 21, 2021","1.820","1.849","1.849","1.814","-1.57%"
"Mar 20, 2021","1.849","1.842","1.849","1.842","1.26%"
"Mar 19, 2021","1.826","1.867","1.873","1.822","-0.11%"
"Mar 18, 2021","1.828","1.755","1.832","1.754","5.54%"
"Mar 17, 2021","1.732","1.726","1.739","1.722","1.35%"
"Mar 16, 2021","1.709","1.745","1.748","1.698","-4.63%"
"Mar 15, 2021","1.792","1.807","1.817","1.770","-0.99%"
"Mar 14, 2021","1.810","1.807","1.818","1.795","-0.17%"
"Mar 13, 2021","1.813","1.813","1.813","1.813","6.27%"
"Mar 12, 2021","1.706","1.676","1.707","1.663","1.25%"
"Mar 11, 2021","1.685","1.682","1.697","1.672","-2.38%"
"Mar 10, 2021","1.726","1.749","1.753","1.722","-3.25%"
"Mar 09, 2021","1.784","1.798","1.823","1.773","0.68%"
"Mar 08, 2021","1.772","1.777","1.814","1.747","-1.88%"
"Mar 07, 2021","1.806","1.783","1.811","1.747","1.29%"
"Mar 06, 2021","1.783","1.777","1.783","1.777","-2.67%"
"Mar 05, 2021","1.832","1.818","1.871","1.813","1.72%"
"Mar 04, 2021","1.801","1.760","1.814","1.754","6.00%"
"Mar 03, 2021","1.699","1.697","1.727","1.671","1.19%"
"Mar 02, 2021","1.679","1.684","1.684","1.654","1.88%"
"Mar 01, 2021","1.648","1.682","1.697","1.628","-4.44%"
"Feb 27, 2021","1.724","1.724","1.724","1.724","-1.85%"
"Feb 26, 2021","1.757","1.961","1.973","1.733","1.56%"
"Feb 25, 2021","1.730","1.691","1.751","1.674","7.12%"
"Feb 24, 2021","1.615","1.626","1.628","1.592","3.59%"
"Feb 23, 2021","1.559","1.650","1.658","1.554","-0.32%"
"Feb 22, 2021","1.564","1.499","1.576","1.493","2.02%"
"Feb 21, 2021","1.533","1.503","1.544","1.497","2.00%"
"Feb 20, 2021","1.503","1.503","1.503","1.503","7.05%"
"Feb 19, 2021","1.404","1.405","1.420","1.378","2.11%"
"Feb 18, 2021","1.375","1.402","1.419","1.370","-1.79%"
"Feb 17, 2021","1.400","1.394","1.425","1.386","5.42%"
"Feb 16, 2021","1.328","1.330","1.336","1.315","1.30%"
"Feb 15, 2021","1.311","1.263","1.311","1.262","2.74%"
"Feb 14, 2021","1.276","1.265","1.307","1.262","1.03%"
"Feb 13, 2021","1.263","1.265","1.265","1.263","3.61%"
"Feb 12, 2021","1.219","1.204","1.219","1.204","2.09%"
"Feb 11, 2021","1.194","1.201","1.220","1.191","-2.29%"
"Feb 10, 2021","1.222","1.220","1.232","1.215","-1.45%"
"Feb 09, 2021","1.240","1.249","1.257","1.230","-1.74%"
"Feb 08, 2021","1.262","1.245","1.268","1.216","1.94%"
"Feb 07, 2021","1.238","1.247","1.270","1.218","-0.56%"
"Feb 06, 2021","1.245","1.247","1.247","1.245","3.66%"
"Feb 05, 2021","1.201","1.229","1.242","1.196","-2.44%"
"Feb 04, 2021","1.231","1.187","1.233","1.174","4.23%"
"Feb 03, 2021","1.181","1.160","1.187","1.143","1.72%"
"Feb 02, 2021","1.161","1.177","1.191","1.159","3.85%"
"Feb 01, 2021","1.118","1.130","1.130","1.100","-0.09%"
"Jan 31, 2021","1.119","1.131","1.131","1.101","-0.97%"
"Jan 30, 2021","1.130","1.131","1.131","1.130","3.48%"
"Jan 29, 2021","1.092","1.069","1.096","1.064","3.70%"
"Jan 28, 2021","1.053","1.045","1.061","1.025","-0.57%"
"Jan 27, 2021","1.059","1.038","1.060","1.031","2.27%"
"Jan 26, 2021","1.036","1.027","1.067","1.025","-4.03%"
"Jan 25, 2021","1.079","1.061","1.094","1.049","1.22%"
"Jan 24, 2021","1.066","1.062","1.095","1.050","0.47%"
"Jan 23, 2021","1.061","1.062","1.062","1.061","-2.12%"
"Jan 22, 2021","1.084","1.066","1.089","1.035","3.83%"
"Jan 21, 2021","1.044","1.041","1.064","1.035","-0.38%"
"Jan 20, 2021","1.048","1.050","1.064","1.022","-0.85%"
"Jan 19, 2021","1.057","1.028","1.057","1.022","2.32%"
"Jan 18, 2021","1.033","1.035","1.069","1.007","0.00%"
"Jan 17, 2021","1.033","1.036","1.055","1.008","-2.18%"
"Jan 15, 2021","1.056","1.087","1.101","1.051","-0.75%"
"Jan 14, 2021","1.064","1.045","1.073","1.036","-1.30%"
"Jan 13, 2021","1.078","1.111","1.112","1.072","-2.88%"
"Jan 12, 2021","1.110","1.091","1.116","1.087","1.83%"
"Jan 11, 2021","1.090","1.096","1.118","1.076","-0.55%"
"Jan 10, 2021","1.096","1.097","1.119","1.082","-0.18%"
"Jan 09, 2021","1.098","1.098","1.098","1.098","0.64%"
"Jan 08, 2021","1.091","1.079","1.100","1.068","4.00%"
"Jan 07, 2021","1.049","1.048","1.074","1.045","4.07%"
"Jan 06, 2021","1.008","0.967","1.014","0.967","6.67%"
"Jan 05, 2021","0.945","0.956","0.975","0.943","-5.31%"
"Jan 04, 2021","0.998","0.973","1.010","0.959","2.89%"
"Jan 03, 2021","0.970","0.973","0.973","0.959","-0.31%"
"Jan 02, 2021","0.973","0.973","0.973","0.973","0.00%"
"Jan 01, 2021","0.973","0.973","0.973","0.973","-0.51%"
"Dec 31, 2020","0.978","0.977","0.985","0.972","0.51%"
"Dec 30, 2020","0.973","0.971","0.978","0.956","0.62%"
"Dec 29, 2020","0.967","0.973","0.987","0.967","-0.67%"
"Dec 28, 2020","0.974","0.995","0.995","0.972","-2.21%"
"Dec 27, 2020","0.996","0.996","0.996","0.996","0.00%"
"Dec 26, 2020","0.996","0.995","0.996","0.995","0.05%"
"Dec 25, 2020","0.995","0.995","0.995","0.995","0.00%"
"Dec 24, 2020","0.995","0.971","0.996","0.937","6.19%"
"Dec 23, 2020","0.937","0.952","0.964","0.931","-3.00%"
"Dec 22, 2020","0.966","0.977","0.992","0.963","-0.41%"
"Dec 21, 2020","0.970","1.007","1.007","0.969","-1.62%"
"Dec 20, 2020","0.986","0.996","0.996","0.986","-2.13%"
"Dec 19, 2020","1.008","1.007","1.008","1.007","1.26%"
"Dec 18, 2020","0.995","1.000","1.016","0.988","-0.80%"
"Dec 17, 2020","1.003","0.983","1.012","0.963","3.94%"
"Dec 16, 2020","0.965","0.988","0.993","0.965","-0.41%"
"Dec 15, 2020","0.969","0.967","0.973","0.966","0.21%"
"Dec 14, 2020","0.967","0.966","0.973","0.964","0.42%"
"Dec 12, 2020","0.963","0.963","0.963","0.963","-2.83%"
"Dec 11, 2020","0.991","0.992","0.995","0.983","-1.29%"
"Dec 10, 2020","1.004","1.018","1.022","1.001","-1.95%"
"Dec 09, 2020","1.024","1.001","1.033","1.001","-0.97%"
"Dec 08, 2020","1.034","1.028","1.045","1.011","-0.96%"
"Dec 07, 2020","1.044","1.061","1.082","1.027","-1.23%"
"Dec 05, 2020","1.057","1.057","1.057","1.057","5.59%"
"Dec 04, 2020","1.001","1.016","1.036","0.997","0.10%"
"Dec 03, 2020","1.000","1.021","1.021","0.993","0.00%"
"Dec 02, 2020","1.000","0.974","1.001","0.973","8.93%"
"Dec 01, 2020","0.918","0.914","0.931","0.909","2.11%"
"Nov 30, 2020","0.899","0.901","0.906","0.888","0.33%"
"Nov 29, 2020","0.896","0.896","0.896","0.896","-1.10%"
"Nov 28, 2020","0.906","0.901","0.906","0.901","-0.11%"
"Nov 27, 2020","0.907","0.908","0.947","0.882","-1.84%"
"Nov 26, 2020","0.924","0.924","0.951","0.924","-1.60%"
"Nov 25, 2020","0.939","0.929","0.952","0.906","4.33%"
"Nov 24, 2020","0.900","0.879","0.903","0.878","4.29%"
"Nov 23, 2020","0.863","0.877","0.877","0.838","0.47%"
"Nov 22, 2020","0.859","0.877","0.877","0.859","-0.58%"
"Nov 20, 2020","0.864","0.889","0.900","0.851","-3.36%"
"Nov 19, 2020","0.894","0.914","0.914","0.886","-0.11%"
"Nov 18, 2020","0.895","0.924","0.939","0.895","-5.79%"
"Nov 17, 2020","0.950","0.939","0.951","0.913","6.50%"
"Nov 16, 2020","0.892","0.904","0.916","0.871","-0.89%"
"Nov 15, 2020","0.900","0.895","0.905","0.895","0.90%"
"Nov 13, 2020","0.892","0.887","0.905","0.887","-3.36%"
"Nov 12, 2020","0.923","0.935","0.951","0.922","-8.07%"
"Nov 11, 2020","1.004","0.964","1.006","0.947","9.49%"
"Nov 10, 2020","0.917","0.897","0.920","0.883","17.41%"
"Nov 09, 2020","0.781","0.786","0.802","0.775","-2.01%"
"Nov 08, 2020","0.797","0.786","0.797","0.786","3.91%"
"Nov 06, 2020","0.767","0.762","0.780","0.739","1.99%"
"Nov 05, 2020","0.752","0.767","0.789","0.744","-9.51%"
"Nov 04, 2020","0.831","0.835","0.863","0.778","3.10%"
"Nov 03, 2020","0.806","0.816","0.830","0.805","-2.89%"
"Nov 02, 2020","0.830","0.843","0.878","0.825","0.48%"
"Oct 30, 2020","0.826","0.826","0.834","0.813","0.61%"
"Oct 29, 2020","0.821","0.778","0.821","0.762","3.92%"
"Oct 28, 2020","0.790","0.792","0.803","0.775","-1.50%"
"Oct 27, 2020","0.802","0.802","0.821","0.799","-1.72%"
"Oct 26, 2020","0.816","0.840","0.851","0.813","-3.66%"
"Oct 25, 2020","0.847","0.840","0.847","0.840","-1.40%"
"Oct 23, 2020","0.859","0.854","0.872","0.849","3.74%"
"Oct 22, 2020","0.828","0.801","0.830","0.801","2.48%"
"Oct 21, 2020","0.808","0.766","0.809","0.757","6.88%"
"Oct 20, 2020","0.756","0.751","0.768","0.747","0.13%"
"Oct 19, 2020","0.755","0.731","0.760","0.726","3.57%"
"Oct 18, 2020","0.729","0.733","0.733","0.729","-2.15%"
"Oct 16, 2020","0.745","0.746","0.760","0.738","-1.72%"
"Oct 15, 2020","0.758","0.837","0.845","0.752","-10.30%"
"Oct 14, 2020","0.845","0.837","0.847","0.823","0.00%"
"Oct 13, 2020","0.845","0.847","0.871","0.838","-1.17%"
"Oct 12, 2020","0.855","0.858","0.859","0.849","0.12%"
"Oct 11, 2020","0.854","0.855","0.855","0.854","-0.12%"
"Oct 09, 2020","0.855","0.866","0.892","0.854","-2.62%"
"Oct 08, 2020","0.878","0.873","0.883","0.857","2.93%"
"Oct 07, 2020","0.853","0.852","0.865","0.845","-5.64%"
"Oct 06, 2020","0.904","0.918","0.930","0.899","2.26%"
"Oct 05, 2020","0.884","0.870","0.889","0.853","4.12%"
"Oct 02, 2020","0.849","0.870","0.871","0.844","-5.03%"
"Oct 01, 2020","0.894","0.878","0.894","0.860","4.56%"
"Sep 30, 2020","0.855","0.845","0.866","0.845","2.27%"
"Sep 29, 2020","0.836","0.835","0.853","0.832","0.48%"
"Sep 28, 2020","0.832","0.833","0.860","0.824","-0.12%"
"Sep 26, 2020","0.833","0.833","0.833","0.833","-3.81%"
"Sep 25, 2020","0.866","0.852","0.878","0.849","0.12%"
"Sep 24, 2020","0.865","0.861","0.876","0.861","0.70%"
"Sep 23, 2020","0.859","0.902","0.902","0.855","-5.50%"
"Sep 22, 2020","0.909","0.890","0.916","0.887","-0.98%"
"Sep 21, 2020","0.918","0.932","0.934","0.917","-1.82%"
"Sep 18, 2020","0.935","0.913","0.938","0.911","2.63%"
"Sep 17, 2020","0.911","0.924","0.934","0.910","-0.44%"
"Sep 16, 2020","0.915","0.921","0.926","0.914","2.92%"
"Sep 15, 2020","0.889","0.924","0.924","0.889","-3.16%"
"Sep 14, 2020","0.918","0.918","0.918","0.903","0.66%"
"Sep 11, 2020","0.912","0.913","0.957","0.906","-2.36%"
"Sep 10, 2020","0.934","0.929","0.965","0.927","2.86%"
"Sep 09, 2020","0.908","0.925","0.925","0.900","-6.20%"
"Sep 08, 2020","0.968","0.966","0.972","0.954","-0.51%"
"Sep 07, 2020","0.973","0.958","0.978","0.914","8.96%"
"Sep 04, 2020","0.893","0.895","0.903","0.886","-2.62%"
"Sep 03, 2020","0.917","0.912","0.922","0.901","-3.58%"
"Sep 02, 2020","0.951","0.928","0.952","0.928","-3.84%"
"Sep 01, 2020","0.989","0.989","1.025","0.983","0.30%"
"Aug 31, 2020","0.986","0.980","1.000","0.970","-3.24%"
"Aug 28, 2020","1.019","0.965","1.034","0.961","11.98%"
"Aug 27, 2020","0.910","0.900","0.938","0.900","-3.50%"
"Aug 26, 2020","0.943","0.922","0.948","0.922","6.07%"
"Aug 25, 2020","0.889","0.885","0.903","0.881","3.01%"
"Aug 24, 2020","0.863","0.880","0.890","0.863","-1.93%"
"Aug 22, 2020","0.880","0.880","0.880","0.880","-1.35%"
"Aug 21, 2020","0.892","0.852","0.901","0.849","3.36%"
"Aug 20, 2020","0.863","0.880","0.893","0.862","-1.26%"
"Aug 19, 2020","0.874","0.875","0.883","0.851","-0.79%"
"Aug 18, 2020","0.881","0.896","0.902","0.876","-4.34%"
"Aug 17, 2020","0.921","0.928","0.951","0.919","-1.18%"
"Aug 14, 2020","0.932","0.931","0.974","0.918","4.25%"
"Aug 13, 2020","0.894","0.935","0.935","0.888","-3.14%"
"Aug 12, 2020","0.923","0.906","0.923","0.897","5.01%"
"Aug 11, 2020","0.879","0.861","0.887","0.851","0.92%"
"Aug 10, 2020","0.871","0.851","0.872","0.842","5.07%"
"Aug 07, 2020","0.829","0.844","0.849","0.819","-3.04%"
"Aug 06, 2020","0.855","0.846","0.893","0.845","5.17%"
"Aug 05, 2020","0.813","0.805","0.835","0.794","-2.17%"
"Aug 04, 2020","0.831","0.862","0.909","0.823","-3.71%"
"Aug 03, 2020","0.863","0.829","0.864","0.820","3.23%"
"Jul 31, 2020","0.836","0.849","0.852","0.803","-4.57%"
"Jul 30, 2020","0.876","0.872","0.876","0.857","0.69%"
"Jul 29, 2020","0.870","0.879","0.917","0.869","-7.35%"
"Jul 28, 2020","0.939","0.913","0.957","0.909","4.68%"
"Jul 27, 2020","0.897","0.881","0.914","0.851","1.82%"
"Jul 25, 2020","0.881","0.881","0.881","0.881","1.61%"
"Jul 24, 2020","0.867","0.859","0.881","0.833","-1.25%"
"Jul 23, 2020","0.878","0.879","0.895","0.874","-0.79%"
"Jul 22, 2020","0.885","0.864","0.888","0.863","2.79%"
"Jul 21, 2020","0.861","0.881","0.883","0.855","-2.71%"
"Jul 20, 2020","0.885","0.884","0.903","0.883","0.23%"
"Jul 19, 2020","0.883","0.883","0.883","0.883","0.34%"
"Jul 18, 2020","0.880","0.883","0.883","0.880","-0.23%"
"Jul 17, 2020","0.882","0.876","0.890","0.854","-1.23%"
"Jul 16, 2020","0.893","0.886","0.895","0.871","0.11%"
"Jul 15, 2020","0.892","0.902","0.920","0.855","-1.65%"
"Jul 14, 2020","0.907","0.886","0.912","0.883","0.44%"
"Jul 13, 2020","0.903","0.895","0.918","0.881","0.89%"
"Jul 11, 2020","0.895","0.895","0.895","0.895","2.17%"
"Jul 10, 2020","0.876","0.872","0.900","0.860","-4.26%"
"Jul 09, 2020","0.915","0.898","0.915","0.893","3.39%"
"Jul 08, 2020","0.885","0.889","0.896","0.881","-1.99%"
"Jul 07, 2020","0.903","0.923","0.934","0.888","-3.53%"
"Jul 06, 2020","0.936","0.909","0.946","0.909","3.88%"
"Jul 05, 2020","0.901","0.901","0.901","0.901","-0.50%"
"Jul 04, 2020","0.905","0.905","0.905","0.905","-0.93%"
"Jul 03, 2020","0.914","0.914","0.928","0.907","-2.97%"
"Jul 02, 2020","0.942","0.952","0.958","0.940","1.07%"
"Jul 01, 2020","0.932","0.909","0.960","0.909","4.95%"
"Jun 30, 2020","0.888","0.867","0.889","0.865","0.79%"
"Jun 29, 2020","0.881","0.863","0.882","0.848","1.97%"
"Jun 28, 2020","0.864","0.869","0.869","0.864","0.41%"
"Jun 27, 2020","0.860","0.860","0.860","0.860","-2.77%"
"Jun 26, 2020","0.885","0.894","0.895","0.849","0.00%"
"Jun 25, 2020","0.885","0.897","0.903","0.870","-4.01%"
"Jun 24, 2020","0.922","0.913","0.936","0.911","1.32%"
"Jun 23, 2020","0.910","0.891","0.934","0.877","4.60%"
"Jun 22, 2020","0.870","0.861","0.878","0.855","1.40%"
"Jun 21, 2020","0.858","0.858","0.858","0.858","-0.06%"
"Jun 20, 2020","0.859","0.859","0.859","0.859","-1.55%"
"Jun 19, 2020","0.872","0.874","0.926","0.864","-1.47%"
"Jun 18, 2020","0.885","0.911","0.919","0.879","-2.53%"
"Jun 17, 2020","0.908","0.929","0.977","0.903","-1.41%"
"Jun 16, 2020","0.921","0.904","0.937","0.904","6.47%"
"Jun 15, 2020","0.865","0.884","0.891","0.861","-3.46%"
"Jun 14, 2020","0.896","0.892","0.902","0.892","0.45%"
"Jun 13, 2020","0.892","0.892","0.892","0.892","-1.33%"
"Jun 12, 2020","0.904","0.899","0.933","0.879","-2.90%"
"Jun 11, 2020","0.931","0.942","0.961","0.918","-9.35%"
"Jun 10, 2020","1.027","1.042","1.047","1.023","-1.72%"
"Jun 09, 2020","1.045","1.114","1.115","1.045","-5.90%"
"Jun 08, 2020","1.110","1.098","1.166","1.075","1.88%"
"Jun 07, 2020","1.090","1.095","1.095","1.090","-3.20%"
"Jun 06, 2020","1.126","1.095","1.126","1.095","4.74%"
"Jun 05, 2020","1.075","1.082","1.128","1.062","6.54%"
"Jun 04, 2020","1.009","1.014","1.058","0.993","3.49%"
"Jun 03, 2020","0.975","0.929","0.985","0.907","7.73%"
"Jun 02, 2020","0.905","0.919","0.959","0.896","0.56%"
"Jun 01, 2020","0.900","0.896","0.923","0.854","0.45%"
"May 31, 2020","0.896","0.877","0.896","0.877","0.22%"
"May 30, 2020","0.894","0.894","0.894","0.894","0.22%"
"May 29, 2020","0.892","0.887","0.924","0.879","0.68%"
"May 28, 2020","0.886","0.888","0.900","0.845","-1.34%"
"May 27, 2020","0.898","0.902","0.945","0.871","2.39%"
"May 26, 2020","0.877","0.868","0.920","0.854","1.15%"
"May 25, 2020","0.867","0.877","0.923","0.866","-0.34%"
"May 24, 2020","0.870","0.868","0.870","0.864","-0.46%"
"May 23, 2020","0.874","0.868","0.874","0.868","-3.00%"
"May 22, 2020","0.901","0.925","0.925","0.891","-2.38%"
"May 21, 2020","0.923","0.957","1.012","0.921","-4.05%"
"May 20, 2020","0.962","0.970","0.998","0.954","-1.03%"
"May 19, 2020","0.972","0.972","1.022","0.956","5.77%"
"May 18, 2020","0.919","0.912","0.939","0.912","0.22%"
"May 17, 2020","0.917","0.901","0.917","0.901","0.00%"
"May 16, 2020","0.917","0.917","0.917","0.917","0.11%"
"May 15, 2020","0.916","0.895","0.923","0.857","-0.11%"
"May 14, 2020","0.917","0.929","0.942","0.895","-4.38%"
"May 13, 2020","0.959","0.961","0.962","0.926","0.00%"
"May 12, 2020","0.959","0.992","1.001","0.955","-1.94%"
"May 11, 2020","0.978","0.923","0.983","0.923","3.16%"
"May 10, 2020","0.948","0.945","0.948","0.945","0.32%"
"May 09, 2020","0.945","0.945","0.945","0.945","4.54%"
"May 08, 2020","0.904","0.924","0.930","0.888","-5.44%"
"May 07, 2020","0.956","0.953","0.956","0.924","5.29%"
"May 06, 2020","0.908","0.894","0.918","0.875","2.95%"
"May 05, 2020","0.882","0.857","0.882","0.835","2.80%"
"May 04, 2020","0.858","0.877","0.893","0.822","0.00%"
"May 03, 2020","0.858","0.861","0.865","0.858","-0.35%"
"May 02, 2020","0.861","0.861","0.861","0.861","-1.71%"
"May 01, 2020","0.876","0.928","0.940","0.876","-5.30%"
"Apr 30, 2020","0.925","0.947","0.982","0.920","-0.86%"
"Apr 29, 2020","0.933","0.933","0.976","0.910","-0.11%"
"Apr 28, 2020","0.934","0.984","1.016","0.925","1.08%"
"Apr 27, 2020","0.924","0.900","0.925","0.895","2.78%"
"Apr 26, 2020","0.899","0.900","0.900","0.870","-0.11%"
"Apr 25, 2020","0.900","0.870","0.900","0.870","-0.44%"
"Apr 24, 2020","0.904","0.901","0.910","0.883","3.20%"
"Apr 23, 2020","0.876","0.892","0.894","0.866","3.18%"
"Apr 22, 2020","0.849","0.851","0.873","0.836","-1.16%"
"Apr 21, 2020","0.859","0.851","0.864","0.799","2.38%"
"Apr 20, 2020","0.839","0.866","0.866","0.830","-0.71%"
"Apr 19, 2020","0.845","0.848","0.848","0.830","-0.35%"
"Apr 18, 2020","0.848","0.848","0.848","0.848","-3.42%"
"Apr 17, 2020","0.878","0.851","0.888","0.821","1.15%"
"Apr 16, 2020","0.868","0.838","0.871","0.785","-7.46%"
"Apr 15, 2020","0.938","0.953","0.957","0.905","0.43%"
"Apr 14, 2020","0.934","0.918","0.963","0.890","-3.96%"
"Apr 13, 2020","0.973","0.936","0.982","0.902","10.89%"
"Apr 12, 2020","0.877","0.877","0.877","0.877","-11.01%"
"Apr 10, 2020","0.985","0.921","0.985","0.921","4.18%"
"Apr 09, 2020","0.946","0.994","1.033","0.941","-2.57%"
"Apr 08, 2020","0.971","0.931","0.973","0.894","13.97%"
"Apr 07, 2020","0.852","0.839","0.869","0.802","9.37%"
"Apr 06, 2020","0.779","0.781","0.816","0.755","6.57%"
"Apr 05, 2020","0.731","0.760","0.760","0.731","-3.88%"
"Apr 04, 2020","0.761","0.761","0.761","0.761","-2.00%"
"Apr 03, 2020","0.776","0.803","0.825","0.771","-0.51%"
"Apr 02, 2020","0.780","0.732","0.781","0.679","11.11%"
"Apr 01, 2020","0.702","0.780","0.829","0.697","-15.11%"
"Mar 31, 2020","0.827","0.868","0.868","0.814","6.30%"
"Mar 30, 2020","0.778","0.848","0.874","0.770","-6.55%"
"Mar 29, 2020","0.832","0.857","0.858","0.821","-2.86%"
"Mar 28, 2020","0.857","0.857","0.857","0.857","-8.44%"
"Mar 27, 2020","0.936","0.952","0.978","0.921","1.30%"
"Mar 26, 2020","0.924","0.983","1.013","0.904","-4.45%"
"Mar 25, 2020","0.967","1.002","1.007","0.944","2.93%"
"Mar 24, 2020","0.939","0.900","0.999","0.843","4.51%"
"Mar 23, 2020","0.899","1.056","1.058","0.872","-14.95%"
"Mar 22, 2020","1.057","1.068","1.079","1.033","-1.03%"
"Mar 21, 2020","1.068","1.068","1.068","1.068","-0.09%"
"Mar 20, 2020","1.069","1.356","1.357","1.066","-17.48%"
"Mar 19, 2020","1.296","1.378","1.632","1.255","11.30%"
"Mar 18, 2020","1.164","1.130","1.228","1.130","12.90%"
"Mar 17, 2020","1.031","1.019","1.034","0.978","26.50%"
"Mar 16, 2020","0.815","1.113","1.113","0.805","-5.18%"
"Mar 15, 2020","0.859","1.089","1.105","0.859","-21.11%"
"Mar 14, 2020","1.089","1.089","1.089","1.089","19.99%"
"Mar 13, 2020","0.908","0.825","0.908","0.789","22.21%"
"Mar 12, 2020","0.743","0.801","0.810","0.726","7.22%"
"Mar 11, 2020","0.693","0.799","0.807","0.693","0.43%"
"Mar 10, 2020","0.690","0.657","0.698","0.626","14.81%"
"Mar 09, 2020","0.601","0.650","0.652","0.555","-4.75%"
"Mar 08, 2020","0.631","0.680","0.680","0.629","-7.21%"
"Mar 07, 2020","0.680","0.680","0.680","0.680","0.74%"
"Mar 06, 2020","0.675","0.752","0.760","0.675","-13.79%"
"Mar 05, 2020","0.783","0.777","0.810","0.777","7.41%"
"Mar 04, 2020","0.729","0.743","0.751","0.709","-7.60%"
"Mar 03, 2020","0.789","0.787","0.838","0.761","2.33%"
"Mar 02, 2020","0.771","0.687","0.789","0.672","12.15%"
"Mar 01, 2020","0.688","0.683","0.712","0.668","0.73%"
"Feb 29, 2020","0.683","0.683","0.683","0.683","-19.52%"
"Feb 28, 2020","0.848","0.875","0.876","0.838","-2.08%"
"Feb 27, 2020","0.866","0.916","0.938","0.863","-7.08%"
"Feb 26, 2020","0.932","0.914","0.936","0.899","1.30%"
"Feb 25, 2020","0.920","0.897","0.920","0.878","0.44%"
"Feb 24, 2020","0.916","0.930","0.933","0.886","1.89%"
"Feb 23, 2020","0.899","0.922","0.929","0.899","-6.26%"
"Feb 21, 2020","0.959","0.981","0.983","0.956","-2.84%"
"Feb 20, 2020","0.987","1.041","1.050","0.987","-5.19%"
"Feb 19, 2020","1.041","1.039","1.051","1.031","0.39%"
"Feb 18, 2020","1.037","1.074","1.079","1.034","-3.62%"
"Feb 17, 2020","1.076","1.060","1.077","1.054","1.08%"
"Feb 16, 2020","1.064","1.056","1.069","1.052","0.76%"
"Feb 15, 2020","1.056","1.056","1.056","1.056","-2.27%"
"Feb 14, 2020","1.081","1.074","1.085","1.060","0.37%"
"Feb 13, 2020","1.077","1.118","1.127","1.074","-0.37%"
"Feb 12, 2020","1.081","1.047","1.082","1.046","3.84%"
"Feb 11, 2020","1.041","1.009","1.044","1.005","0.39%"
"Feb 10, 2020","1.037","1.044","1.044","0.982","4.33%"
"Feb 09, 2020","0.994","1.028","1.042","0.988","-3.35%"
"Feb 08, 2020","1.028","1.028","1.028","1.028","-3.06%"
"Feb 07, 2020","1.061","1.077","1.090","1.046","-2.48%"
"Feb 06, 2020","1.088","1.084","1.094","1.068","6.88%"
"Feb 05, 2020","1.018","0.991","1.040","0.959","11.99%"
"Feb 04, 2020","0.909","0.909","0.910","0.884","-1.52%"
"Feb 03, 2020","0.923","0.933","0.933","0.884","4.29%"
"Feb 02, 2020","0.885","0.910","0.930","0.885","-2.69%"
"Feb 01, 2020","0.910","0.910","0.910","0.910","-5.06%"
"Jan 31, 2020","0.958","0.966","1.000","0.958","-0.52%"
"Jan 30, 2020","0.963","0.989","0.989","0.952","-6.32%"
"Jan 29, 2020","1.028","0.986","1.033","0.986","7.98%"
"Jan 28, 2020","0.952","0.977","0.988","0.947","-2.91%"
"Jan 27, 2020","0.980","1.061","1.061","0.959","-8.54%"
"Jan 26, 2020","1.072","1.061","1.072","1.061","1.08%"
"Jan 25, 2020","1.061","1.061","1.061","1.061","-1.53%"
"Jan 24, 2020","1.077","1.096","1.097","1.076","-3.75%"
"Jan 23, 2020","1.119","1.113","1.124","1.085","0.09%"
"Jan 22, 2020","1.118","1.146","1.156","1.113","-4.12%"
"Jan 21, 2020","1.166","1.178","1.197","1.157","-0.93%"
"Jan 20, 2020","1.177","1.183","1.214","1.150","-1.13%"
"Jan 19, 2020","1.191","1.181","1.214","1.148","0.76%"
"Jan 18, 2020","1.181","1.181","1.181","1.181","-0.55%"
"Jan 17, 2020","1.188","1.183","1.197","1.183","0.42%"
"Jan 16, 2020","1.183","1.180","1.193","1.168","-1.99%"
"Jan 15, 2020","1.207","1.235","1.240","1.207","-3.67%"
"Jan 14, 2020","1.253","1.228","1.254","1.208","3.55%"
"Jan 13, 2020","1.210","1.242","1.249","1.209","-2.26%"
"Jan 12, 2020","1.238","1.230","1.248","1.230","0.69%"
"Jan 11, 2020","1.230","1.230","1.230","1.230","-1.56%"
"Jan 10, 2020","1.249","1.232","1.249","1.225","1.13%"
"Jan 09, 2020","1.235","1.247","1.262","1.227","4.40%"
"Jan 08, 2020","1.183","1.207","1.209","1.151","-3.11%"
"Jan 07, 2020","1.221","1.219","1.225","1.202","0.58%"
"Jan 06, 2020","1.214","1.238","1.238","1.194","0.58%"
"Jan 05, 2020","1.207","1.222","1.237","1.202","-1.19%"
"Jan 04, 2020","1.222","1.222","1.222","1.222","-2.90%"
"Jan 03, 2020","1.258","1.314","1.332","1.258","-8.77%"
"Jan 02, 2020","1.379","1.385","1.420","1.379","-1.78%"
"Jan 01, 2020","1.404","1.373","1.421","1.372","2.26%"
"Dec 31, 2019","1.373","1.366","1.388","1.338","5.13%"
"Dec 30, 2019","1.306","1.312","1.340","1.288","0.00%"
"Dec 29, 2019","1.306","1.316","1.339","1.305","-0.76%"
"Dec 28, 2019","1.316","1.316","1.316","1.316","1.04%"
"Dec 27, 2019","1.302","1.314","1.334","1.289","0.81%"
"Dec 26, 2019","1.291","1.306","1.332","1.286","-1.11%"
"Dec 25, 2019","1.306","1.306","1.306","1.306","-0.61%"
"Dec 24, 2019","1.314","1.320","1.329","1.313","1.70%"
"Dec 23, 2019","1.292","1.298","1.322","1.289","-0.46%"
"Dec 22, 2019","1.298","1.311","1.311","1.297","-0.95%"
"Dec 21, 2019","1.311","1.311","1.311","1.311","-0.27%"
"Dec 20, 2019","1.314","1.277","1.324","1.275","4.45%"
"Dec 19, 2019","1.258","1.247","1.279","1.236","5.98%"
"Dec 18, 2019","1.187","1.169","1.197","1.167","1.28%"
"Dec 17, 2019","1.172","1.218","1.218","1.161","0.34%"
"Dec 16, 2019","1.168","1.161","1.205","1.161","-1.35%"
"Dec 15, 2019","1.184","1.160","1.204","1.160","2.11%"
"Dec 14, 2019","1.160","1.160","1.160","1.160","-8.70%"
"Dec 13, 2019","1.270","1.209","1.299","1.209","9.29%"
"Dec 12, 2019","1.162","1.153","1.165","1.126","1.48%"
"Dec 11, 2019","1.145","1.147","1.156","1.133","1.06%"
"Dec 10, 2019","1.133","1.148","1.148","1.100","-2.83%"
"Dec 09, 2019","1.166","1.139","1.173","1.125","1.30%"
"Dec 08, 2019","1.151","1.150","1.156","1.123","0.13%"
"Dec 07, 2019","1.150","1.150","1.150","1.150","2.09%"
"Dec 06, 2019","1.126","1.110","1.132","1.107","2.74%"
"Dec 05, 2019","1.096","1.122","1.122","1.081","1.76%"
"Dec 04, 2019","1.077","1.079","1.114","1.071","-5.11%"
"Dec 03, 2019","1.135","1.144","1.144","1.119","5.19%"
"Dec 02, 2019","1.079","1.039","1.079","1.029","2.66%"
"Dec 01, 2019","1.051","1.043","1.051","1.028","0.82%"
"Nov 30, 2019","1.043","1.043","1.043","1.043","1.81%"
"Nov 29, 2019","1.024","1.009","1.025","1.006","1.99%"
"Nov 28, 2019","1.004","1.027","1.036","0.996","-4.56%"
"Nov 27, 2019","1.052","1.065","1.065","1.046","-3.22%"
"Nov 26, 2019","1.087","1.087","1.101","1.066","0.46%"
"Nov 25, 2019","1.082","1.095","1.106","1.082","-1.23%"
"Nov 24, 2019","1.095","1.090","1.096","1.087","0.46%"
"Nov 23, 2019","1.090","1.090","1.090","1.090","-1.49%"
"Nov 22, 2019","1.107","1.114","1.120","1.084","2.88%"
"Nov 21, 2019","1.076","1.067","1.086","1.038","-0.55%"
"Nov 20, 2019","1.082","1.126","1.127","1.082","-3.99%"
"Nov 19, 2019","1.127","1.156","1.157","1.111","-3.01%"
"Nov 18, 2019","1.162","1.162","1.171","1.147","0.52%"
"Nov 17, 2019","1.156","1.161","1.168","1.151","-0.47%"
"Nov 16, 2019","1.161","1.161","1.161","1.161","0.00%"
"Nov 15, 2019","1.161","1.159","1.177","1.131","-2.11%"
"Nov 14, 2019","1.186","1.217","1.261","1.182","-7.05%"
"Nov 13, 2019","1.276","1.282","1.288","1.262","-0.08%"
"Nov 12, 2019","1.277","1.289","1.321","1.276","-1.08%"
"Nov 11, 2019","1.291","1.297","1.321","1.290","-1.15%"
"Nov 10, 2019","1.306","1.301","1.312","1.296","0.35%"
"Nov 09, 2019","1.301","1.301","1.301","1.301","0.81%"
"Nov 08, 2019","1.291","1.306","1.343","1.276","6.61%"
"Nov 07, 2019","1.211","1.254","1.281","1.211","-3.20%"
"Nov 06, 2019","1.251","1.249","1.271","1.238","3.73%"
"Nov 05, 2019","1.206","1.192","1.216","1.184","3.34%"
"Nov 04, 2019","1.167","1.151","1.192","1.122","1.43%"
"Nov 03, 2019","1.151","1.150","1.191","1.120","0.09%"
"Nov 02, 2019","1.150","1.150","1.150","1.150","3.93%"
"Nov 01, 2019","1.106","1.121","1.137","1.093","-3.32%"
"Oct 31, 2019","1.144","1.124","1.147","1.111","0.62%"
"Oct 30, 2019","1.137","1.180","1.184","1.137","-2.15%"
"Oct 29, 2019","1.162","1.146","1.191","1.142","5.35%"
"Oct 28, 2019","1.103","1.074","1.108","1.074","1.94%"
"Oct 27, 2019","1.082","1.089","1.089","1.073","2.27%"
"Oct 25, 2019","1.058","1.077","1.102","1.047","-3.20%"
"Oct 24, 2019","1.093","1.103","1.107","1.093","-1.35%"
"Oct 23, 2019","1.108","1.151","1.151","1.103","-5.86%"
"Oct 22, 2019","1.177","1.160","1.189","1.160","2.62%"
"Oct 21, 2019","1.147","1.156","1.156","1.122","0.53%"
"Oct 20, 2019","1.141","1.153","1.155","1.137","-1.00%"
"Oct 19, 2019","1.153","1.153","1.153","1.153","3.55%"
"Oct 18, 2019","1.113","1.112","1.141","1.093","3.82%"
"Oct 17, 2019","1.072","1.058","1.081","1.053","2.78%"
"Oct 16, 2019","1.043","1.068","1.086","1.038","3.88%"
"Oct 15, 2019","1.004","1.036","1.049","1.002","-4.29%"
"Oct 14, 2019","1.049","1.075","1.085","1.037","-2.33%"
"Oct 13, 2019","1.074","1.076","1.079","1.045","-0.19%"
"Oct 12, 2019","1.076","1.076","1.076","1.076","5.49%"
"Oct 11, 2019","1.020","0.981","1.020","0.961","14.22%"
"Oct 10, 2019","0.893","0.892","0.909","0.870","0.79%"
"Oct 09, 2019","0.886","0.884","0.891","0.864","0.23%"
"Oct 08, 2019","0.884","0.875","0.885","0.869","0.68%"
"Oct 07, 2019","0.878","0.896","0.910","0.868","-0.11%"
"Oct 06, 2019","0.879","0.902","0.910","0.879","-2.55%"
"Oct 05, 2019","0.902","0.902","0.902","0.902","1.01%"
"Oct 04, 2019","0.893","0.907","0.907","0.883","-4.29%"
"Oct 03, 2019","0.933","0.950","0.950","0.923","-3.62%"
"Oct 02, 2019","0.968","0.957","0.972","0.933","-6.20%"
"Oct 01, 2019","1.032","1.012","1.039","1.001","6.39%"
"Sep 30, 2019","0.970","0.953","0.971","0.940","1.89%"
"Sep 29, 2019","0.952","0.959","0.959","0.952","-0.73%"
"Sep 28, 2019","0.959","0.959","0.959","0.959","0.84%"
"Sep 27, 2019","0.951","0.954","0.955","0.943","-1.45%"
"Sep 26, 2019","0.965","1.000","1.035","0.960","1.79%"
"Sep 25, 2019","0.948","0.950","0.963","0.932","-3.56%"
"Sep 24, 2019","0.983","1.001","1.013","0.978","-0.30%"
"Sep 23, 2019","0.986","0.988","1.016","0.986","-3.14%"
"Sep 22, 2019","1.018","1.018","1.018","1.018","-3.78%"
"Sep 20, 2019","1.058","1.061","1.061","1.033","0.67%"
"Sep 19, 2019","1.051","1.093","1.116","1.051","-7.48%"
"Sep 18, 2019","1.136","1.125","1.146","1.121","0.53%"
"Sep 17, 2019","1.130","1.175","1.177","1.117","-4.88%"
"Sep 16, 2019","1.188","1.183","1.193","1.180","1.28%"
"Sep 13, 2019","1.173","1.145","1.175","1.145","0.77%"
"Sep 12, 2019","1.164","1.147","1.172","1.134","3.10%"
"Sep 11, 2019","1.129","1.134","1.147","1.124","3.77%"
"Sep 10, 2019","1.088","1.081","1.103","1.071","4.51%"
"Sep 09, 2019","1.041","1.066","1.066","1.036","-4.84%"
"Sep 08, 2019","1.094","1.094","1.094","1.094","1.11%"
"Sep 06, 2019","1.082","1.068","1.092","1.058","13.06%"
"Sep 05, 2019","0.957","0.936","0.990","0.920","3.57%"
"Sep 04, 2019","0.924","0.907","0.944","0.878","0.43%"
"Sep 03, 2019","0.920","0.923","0.945","0.920","1.21%"
"Sep 02, 2019","0.909","0.897","0.917","0.888","1.34%"
"Sep 01, 2019","0.897","0.884","0.897","0.884","-1.43%"
"Aug 31, 2019","0.910","0.910","0.910","0.910","2.02%"
"Aug 30, 2019","0.892","0.909","0.932","0.880","2.06%"
"Aug 29, 2019","0.874","0.893","0.901","0.864","-1.13%"
"Aug 28, 2019","0.884","0.892","0.892","0.869","-3.91%"
"Aug 27, 2019","0.920","0.935","0.966","0.913","4.66%"
"Aug 26, 2019","0.879","0.892","0.900","0.857","-1.68%"
"Aug 25, 2019","0.894","0.894","0.894","0.894","0.00%"
"Aug 24, 2019","0.894","0.894","0.894","0.894","-8.59%"
"Aug 23, 2019","0.978","0.954","0.978","0.943","5.16%"
"Aug 22, 2019","0.930","0.944","0.959","0.909","-0.11%"
"Aug 21, 2019","0.931","0.929","0.935","0.915","-1.27%"
"Aug 20, 2019","0.943","0.931","0.951","0.918","2.17%"
"Aug 19, 2019","0.923","0.888","0.933","0.888","3.94%"
"Aug 18, 2019","0.888","0.883","0.888","0.883","-0.67%"
"Aug 17, 2019","0.894","0.894","0.894","0.894","1.82%"
"Aug 16, 2019","0.878","0.879","0.883","0.850","-1.01%"
"Aug 15, 2019","0.887","0.919","0.919","0.883","-7.22%"
"Aug 14, 2019","0.956","0.985","0.986","0.956","1.38%"
"Aug 13, 2019","0.943","0.941","0.956","0.916","-2.88%"
"Aug 12, 2019","0.971","0.988","1.007","0.957","0.83%"
"Aug 11, 2019","0.963","0.992","0.992","0.963","-2.92%"
"Aug 10, 2019","0.992","0.992","0.992","0.992","5.31%"
"Aug 09, 2019","0.942","0.955","0.986","0.928","-2.59%"
"Aug 08, 2019","0.967","0.961","0.997","0.937","1.15%"
"Aug 07, 2019","0.956","0.994","1.007","0.946","-9.04%"
"Aug 06, 2019","1.051","1.016","1.051","0.965","2.64%"
"Aug 05, 2019","1.024","1.061","1.099","1.024","-4.57%"
"Aug 04, 2019","1.073","1.085","1.085","1.073","1.04%"
"Aug 03, 2019","1.062","1.062","1.062","1.062","-2.57%"
"Aug 02, 2019","1.090","1.081","1.105","1.073","-9.02%"
"Aug 01, 2019","1.198","1.180","1.212","1.174","-0.42%"
"Jul 31, 2019","1.203","1.208","1.215","1.183","-0.41%"
"Jul 30, 2019","1.208","1.207","1.249","1.176","0.08%"
"Jul 29, 2019","1.207","1.225","1.230","1.192","-1.47%"
"Jul 28, 2019","1.225","1.222","1.228","1.222","0.25%"
"Jul 27, 2019","1.222","1.222","1.222","1.222","-0.81%"
"Jul 26, 2019","1.232","1.241","1.278","1.226","-1.52%"
"Jul 25, 2019","1.251","1.282","1.284","1.237","-3.40%"
"Jul 24, 2019","1.295","1.321","1.332","1.294","-1.97%"
"Jul 23, 2019","1.321","1.321","1.357","1.297","-1.05%"
"Jul 22, 2019","1.335","1.354","1.389","1.335","-1.40%"
"Jul 21, 2019","1.354","1.353","1.354","1.353","-0.15%"
"Jul 20, 2019","1.356","1.356","1.356","1.356","0.67%"
"Jul 19, 2019","1.347","1.333","1.363","1.332","0.07%"
"Jul 18, 2019","1.346","1.367","1.367","1.337","-3.99%"
"Jul 17, 2019","1.402","1.407","1.432","1.385","0.72%"
"Jul 16, 2019","1.392","1.436","1.453","1.387","-4.79%"
"Jul 15, 2019","1.462","1.445","1.486","1.436","1.32%"
"Jul 14, 2019","1.443","1.436","1.444","1.436","-0.69%"
"Jul 13, 2019","1.453","1.453","1.453","1.453","0.83%"
"Jul 12, 2019","1.441","1.435","1.446","1.421","7.46%"
"Jul 11, 2019","1.341","1.358","1.387","1.327","0.00%"
"Jul 10, 2019","1.341","1.326","1.363","1.326","1.21%"
"Jul 09, 2019","1.325","1.333","1.353","1.324","-0.38%"
"Jul 08, 2019","1.330","1.347","1.354","1.324","-1.34%"
"Jul 07, 2019","1.348","1.348","1.348","1.348","0.00%"
"Jul 06, 2019","1.348","1.348","1.348","1.348","4.90%"
"Jul 05, 2019","1.285","1.289","1.292","1.275","-0.85%"
"Jul 04, 2019","1.296","1.282","1.329","1.282","-0.08%"
"Jul 03, 2019","1.297","1.328","1.349","1.291","-3.35%"
"Jul 02, 2019","1.342","1.348","1.353","1.306","0.60%"
"Jul 01, 2019","1.334","1.350","1.391","1.317","-0.22%"
"Jun 30, 2019","1.337","1.320","1.337","1.320","-1.26%"
"Jun 29, 2019","1.354","1.320","1.354","1.320","2.65%"
"Jun 28, 2019","1.319","1.338","1.349","1.314","-2.73%"
"Jun 27, 2019","1.356","1.334","1.371","1.319","5.36%"
"Jun 26, 2019","1.287","1.277","1.296","1.262","1.26%"
"Jun 25, 2019","1.271","1.287","1.313","1.257","-2.23%"
"Jun 24, 2019","1.300","1.292","1.323","1.292","0.62%"
"Jun 23, 2019","1.292","1.279","1.292","1.279","-0.92%"
"Jun 22, 2019","1.304","1.304","1.304","1.304","1.95%"
"Jun 21, 2019","1.279","1.303","1.313","1.269","-1.08%"
"Jun 20, 2019","1.293","1.332","1.339","1.274","-4.08%"
"Jun 19, 2019","1.348","1.355","1.374","1.335","-1.46%"
"Jun 18, 2019","1.368","1.394","1.404","1.358","-2.77%"
"Jun 17, 2019","1.407","1.383","1.409","1.371","2.70%"
"Jun 16, 2019","1.370","1.372","1.372","1.370","0.07%"
"Jun 15, 2019","1.369","1.369","1.369","1.369","-0.44%"
"Jun 14, 2019","1.375","1.404","1.416","1.368","-2.62%"
"Jun 13, 2019","1.412","1.430","1.448","1.398","-1.88%"
"Jun 12, 2019","1.439","1.460","1.473","1.433","-2.44%"
"Jun 11, 2019","1.475","1.483","1.495","1.468","-0.54%"
"Jun 10, 2019","1.483","1.470","1.494","1.455","2.13%"
"Jun 09, 2019","1.452","1.452","1.452","1.452","0.00%"
"Jun 08, 2019","1.452","1.452","1.452","1.452","-2.16%"
"Jun 07, 2019","1.484","1.481","1.540","1.478","1.02%"
"Jun 06, 2019","1.469","1.490","1.535","1.464","-1.67%"
"Jun 05, 2019","1.494","1.537","1.537","1.489","-0.60%"
"Jun 04, 2019","1.503","1.489","1.510","1.452","0.47%"
"Jun 03, 2019","1.496","1.460","1.505","1.446","2.61%"
"Jun 02, 2019","1.458","1.456","1.460","1.456","-0.41%"
"Jun 01, 2019","1.464","1.456","1.464","1.456","-0.81%"
"May 31, 2019","1.476","1.518","1.518","1.470","-3.84%"
"May 30, 2019","1.535","1.503","1.540","1.503","2.81%"
"May 29, 2019","1.493","1.525","1.549","1.492","-2.99%"
"May 28, 2019","1.539","1.547","1.555","1.536","-0.71%"
"May 27, 2019","1.550","1.528","1.555","1.528","1.51%"
"May 26, 2019","1.527","1.520","1.527","1.520","0.07%"
"May 25, 2019","1.526","1.532","1.532","1.526","-0.91%"
"May 24, 2019","1.540","1.544","1.566","1.519","-3.14%"
"May 23, 2019","1.590","1.610","1.611","1.585","-3.58%"
"May 22, 2019","1.649","1.662","1.682","1.644","-0.36%"
"May 21, 2019","1.655","1.690","1.711","1.650","-1.78%"
"May 20, 2019","1.685","1.638","1.690","1.638","2.81%"
"May 19, 2019","1.639","1.639","1.639","1.639","0.00%"
"May 18, 2019","1.639","1.640","1.640","1.639","-0.97%"
"May 17, 2019","1.655","1.656","1.669","1.644","-0.54%"
"May 16, 2019","1.664","1.682","1.701","1.639","-2.06%"
"May 15, 2019","1.699","1.702","1.717","1.690","-0.29%"
"May 14, 2019","1.704","1.685","1.709","1.675","-0.87%"
"May 13, 2019","1.719","1.744","1.771","1.699","-0.98%"
"May 12, 2019","1.736","1.728","1.736","1.728","-0.46%"
"May 11, 2019","1.744","1.728","1.744","1.728","1.57%"
"May 10, 2019","1.717","1.721","1.744","1.710","-0.41%"
"May 09, 2019","1.724","1.742","1.747","1.709","-1.15%"
"May 08, 2019","1.744","1.745","1.754","1.727","-1.19%"
"May 07, 2019","1.765","1.745","1.765","1.722","1.61%"
"May 06, 2019","1.737","1.792","1.792","1.723","-3.02%"
"May 05, 2019","1.791","1.789","1.791","1.789","-0.06%"
"May 04, 2019","1.792","1.789","1.792","1.789","-0.22%"
"May 03, 2019","1.796","1.808","1.809","1.783","0.22%"
"May 02, 2019","1.792","1.773","1.792","1.767","0.50%"
"May 01, 2019","1.783","1.795","1.812","1.782","-1.16%"
"Apr 30, 2019","1.804","1.810","1.834","1.795","0.61%"
"Apr 29, 2019","1.793","1.780","1.794","1.779","0.79%"
"Apr 28, 2019","1.779","1.778","1.779","1.778","-0.06%"
"Apr 27, 2019","1.780","1.778","1.780","1.778","-0.50%"
"Apr 26, 2019","1.789","1.793","1.806","1.782","-0.22%"
"Apr 25, 2019","1.793","1.782","1.797","1.771","0.56%"
"Apr 24, 2019","1.783","1.892","1.892","1.778","-5.91%"
"Apr 23, 2019","1.895","1.913","1.940","1.879","-2.87%"
"Apr 22, 2019","1.951","1.950","1.951","1.950","0.05%"
"Apr 21, 2019","1.950","1.950","1.950","1.950","0.00%"
"Apr 20, 2019","1.950","1.950","1.950","1.950","0.00%"
"Apr 19, 2019","1.950","1.950","1.950","1.950","0.26%"
"Apr 18, 2019","1.945","1.962","1.987","1.942","-0.77%"
"Apr 17, 2019","1.960","1.960","1.970","1.925","1.82%"
"Apr 16, 2019","1.925","1.947","1.955","1.920","-1.03%"
"Apr 15, 2019","1.945","1.963","1.963","1.940","-1.02%"
"Apr 14, 2019","1.965","1.965","1.965","1.965","0.00%"
"Apr 13, 2019","1.965","1.965","1.965","1.965","4.13%"
"Apr 12, 2019","1.887","1.886","1.901","1.871","1.40%"
"Apr 11, 2019","1.861","1.856","1.866","1.841","-0.53%"
"Apr 10, 2019","1.871","1.877","1.884","1.852","-1.37%"
"Apr 09, 2019","1.897","1.897","1.910","1.882","1.61%"
"Apr 08, 2019","1.867","1.895","1.934","1.867","-1.69%"
"Apr 07, 2019","1.899","1.902","1.902","1.899","0.21%"
"Apr 06, 2019","1.895","1.902","1.902","1.895","-0.37%"
"Apr 05, 2019","1.902","1.893","1.915","1.882","0.53%"
"Apr 04, 2019","1.892","1.890","1.913","1.873","2.99%"
"Apr 03, 2019","1.837","1.815","1.863","1.801","0.05%"
"Apr 02, 2019","1.836","1.868","1.868","1.829","1.21%"
"Apr 01, 2019","1.814","1.786","1.825","1.786","0.39%"
"Mar 31, 2019","1.807","1.787","1.811","1.786","1.18%"
"Mar 30, 2019","1.786","1.774","1.786","1.774","0.56%"
"Mar 29, 2019","1.776","1.744","1.781","1.744","2.60%"
"Mar 28, 2019","1.731","1.760","1.767","1.722","-2.37%"
"Mar 27, 2019","1.773","1.806","1.827","1.749","-1.01%"
"Mar 26, 2019","1.791","1.771","1.796","1.751","0.79%"
"Mar 25, 2019","1.777","1.765","1.786","1.754","0.11%"
"Mar 24, 2019","1.775","1.765","1.781","1.765","0.57%"
"Mar 23, 2019","1.765","1.765","1.765","1.765","-3.87%"
"Mar 22, 2019","1.836","1.877","1.893","1.835","-3.16%"
"Mar 21, 2019","1.896","1.871","1.938","1.871","-1.96%"
"Mar 20, 2019","1.934","1.926","1.934","1.912","-0.31%"
"Mar 19, 2019","1.940","1.975","1.984","1.935","-2.02%"
"Mar 18, 2019","1.980","1.987","1.987","1.963","0.81%"
"Mar 17, 2019","1.964","1.978","1.987","1.959","0.26%"
"Mar 16, 2019","1.959","1.978","1.978","1.959","-1.06%"
"Mar 15, 2019","1.980","1.981","1.996","1.973","0.30%"
"Mar 14, 2019","1.974","1.969","1.983","1.951","0.92%"
"Mar 13, 2019","1.956","1.986","2.010","1.954","-3.83%"
"Mar 12, 2019","2.034","2.024","2.052","2.018","0.25%"
"Mar 11, 2019","2.029","2.022","2.033","2.006","0.74%"
"Mar 10, 2019","2.014","2.030","2.033","2.011","-0.44%"
"Mar 09, 2019","2.023","2.030","2.030","2.023","-0.20%"
"Mar 08, 2019","2.027","2.036","2.049","2.023","-2.41%"
"Mar 07, 2019","2.077","2.069","2.079","2.043","-1.42%"
"Mar 06, 2019","2.107","2.156","2.163","2.107","-2.32%"
"Mar 05, 2019","2.157","2.157","2.179","2.154","-1.37%"
"Mar 04, 2019","2.187","2.198","2.218","2.181","-0.46%"
"Mar 03, 2019","2.197","2.198","2.203","2.191","-0.05%"
"Mar 02, 2019","2.198","2.193","2.198","2.193","2.38%"
"Mar 01, 2019","2.147","2.152","2.168","2.133","2.00%"
"Feb 28, 2019","2.105","2.114","2.133","2.098","1.99%"
"Feb 27, 2019","2.064","2.086","2.088","2.059","-1.34%"
"Feb 26, 2019","2.092","2.103","2.105","2.082","1.21%"
"Feb 25, 2019","2.067","2.081","2.123","2.067","-1.01%"
"Feb 24, 2019","2.088","2.095","2.123","2.081","0.34%"
"Feb 23, 2019","2.081","2.095","2.095","2.081","-0.76%"
"Feb 22, 2019","2.097","2.085","2.106","2.078","1.01%"
"Feb 21, 2019","2.076","2.100","2.131","2.046","-1.19%"
"Feb 20, 2019","2.101","2.126","2.126","2.100","-1.41%"
"Feb 19, 2019","2.131","2.137","2.148","2.126","0.24%"
"Feb 18, 2019","2.126","2.130","2.136","2.110","0.00%"
"Feb 17, 2019","2.126","2.129","2.132","2.110","-0.14%"
"Feb 16, 2019","2.129","2.129","2.129","2.129","1.14%"
"Feb 15, 2019","2.105","2.095","2.120","2.081","-1.45%"
"Feb 14, 2019","2.136","2.158","2.169","2.126","-0.51%"
"Feb 13, 2019","2.147","2.131","2.157","2.122","1.66%"
"Feb 12, 2019","2.112","2.094","2.114","2.073","0.43%"
"Feb 11, 2019","2.103","2.082","2.125","2.081","0.72%"
"Feb 10, 2019","2.088","2.100","2.122","2.078","0.34%"
"Feb 09, 2019","2.081","2.100","2.100","2.081","-0.14%"
"Feb 08, 2019","2.084","2.093","2.115","2.064","-2.75%"
"Feb 07, 2019","2.143","2.142","2.153","2.132","-1.79%"
"Feb 06, 2019","2.182","2.240","2.258","2.181","-2.76%"
"Feb 05, 2019","2.244","2.251","2.260","2.212","1.17%"
"Feb 04, 2019","2.218","2.244","2.248","2.217","-1.07%"
"Feb 03, 2019","2.242","2.245","2.248","2.227","-0.13%"
"Feb 02, 2019","2.245","2.245","2.245","2.245","1.68%"
"Feb 01, 2019","2.208","2.206","2.237","2.203","-1.12%"
"Jan 31, 2019","2.233","2.230","2.238","2.208","-0.84%"
"Jan 30, 2019","2.252","2.216","2.253","2.202","0.67%"
"Jan 29, 2019","2.237","2.235","2.256","2.202","0.40%"
"Jan 28, 2019","2.228","2.237","2.257","2.202","0.27%"
"Jan 27, 2019","2.222","2.237","2.237","2.207","-0.67%"
"Jan 26, 2019","2.237","2.207","2.237","2.207","1.13%"
"Jan 25, 2019","2.212","2.235","2.235","2.202","-2.43%"
"Jan 24, 2019","2.267","2.294","2.301","2.267","-0.79%"
"Jan 23, 2019","2.285","2.281","2.320","2.245","-0.91%"
"Jan 22, 2019","2.306","2.313","2.336","2.306","-0.86%"
"Jan 21, 2019","2.326","2.343","2.349","2.311","-0.43%"
"Jan 20, 2019","2.336","2.343","2.349","2.335","-0.30%"
"Jan 19, 2019","2.343","2.343","2.343","2.310","1.17%"
"Jan 18, 2019","2.316","2.332","2.334","2.296","1.31%"
"Jan 17, 2019","2.286","2.303","2.310","2.280","0.18%"
"Jan 16, 2019","2.282","2.298","2.302","2.274","-0.31%"
"Jan 15, 2019","2.289","2.295","2.296","2.268","0.66%"
"Jan 14, 2019","2.274","2.311","2.339","2.269","-1.26%"
"Jan 13, 2019","2.303","2.304","2.339","2.303","-0.35%"
"Jan 12, 2019","2.311","2.304","2.311","2.304","-0.17%"
"Jan 11, 2019","2.315","2.341","2.350","2.309","0.65%"
"Jan 10, 2019","2.300","2.336","2.342","2.284","-1.50%"
"Jan 09, 2019","2.335","2.370","2.393","2.330","1.04%"
"Jan 08, 2019","2.311","2.328","2.347","2.296","1.45%"
"Jan 07, 2019","2.278","2.322","2.322","2.273","-1.13%"
"Jan 06, 2019","2.304","2.321","2.323","2.291","-0.73%"
"Jan 05, 2019","2.321","2.321","2.321","2.321","4.13%"
"Jan 04, 2019","2.229","2.170","2.229","2.138","1.69%"
"Jan 03, 2019","2.192","2.195","2.203","2.068","-3.99%"
"Jan 02, 2019","2.283","2.328","2.347","2.281","-0.61%"
"Jan 01, 2019","2.297","2.317","2.347","2.297","-1.08%"
"Dec 31, 2018","2.322","2.335","2.348","2.322","-0.60%"
"Dec 30, 2018","2.336","2.360","2.360","2.335","-1.02%"
"Dec 29, 2018","2.360","2.360","2.360","2.360","-0.08%"
"Dec 28, 2018","2.362","2.359","2.368","2.342","-0.84%"
"Dec 27, 2018","2.382","2.367","2.398","2.367","0.00%"
"Dec 26, 2018","2.382","2.360","2.392","2.360","0.80%"
"Dec 25, 2018","2.363","2.360","2.363","2.360","-0.08%"
"Dec 24, 2018","2.365","2.372","2.400","2.349","-0.21%"
"Dec 23, 2018","2.370","2.385","2.400","2.349","-0.34%"
"Dec 22, 2018","2.378","2.372","2.378","2.372","-0.08%"
"Dec 21, 2018","2.380","2.351","2.381","2.351","1.28%"
"Dec 20, 2018","2.350","2.358","2.377","2.348","-1.43%"
"Dec 19, 2018","2.384","2.397","2.397","2.375","-1.24%"
"Dec 18, 2018","2.414","2.427","2.438","2.414","-1.39%"
"Dec 17, 2018","2.448","2.439","2.452","2.435","-0.16%"
"Dec 16, 2018","2.452","2.464","2.464","2.439","0.37%"
"Dec 15, 2018","2.443","2.464","2.464","2.443","-0.41%"
"Dec 14, 2018","2.453","2.477","2.481","2.438","-1.01%"
"Dec 13, 2018","2.478","2.475","2.482","2.464","1.10%"
"Dec 12, 2018","2.451","2.467","2.467","2.448","-0.04%"
"Dec 11, 2018","2.452","2.451","2.491","2.443","0.91%"
"Dec 10, 2018","2.430","2.431","2.435","2.410","0.25%"
"Dec 09, 2018","2.424","2.449","2.449","2.413","-0.53%"
"Dec 08, 2018","2.437","2.431","2.437","2.431","-1.10%"
"Dec 07, 2018","2.464","2.449","2.480","2.449","-0.65%"
"Dec 06, 2018","2.480","2.518","2.531","2.473","-0.76%"
"Dec 05, 2018","2.499","2.523","2.538","2.480","-1.46%"
"Dec 04, 2018","2.536","2.563","2.568","2.536","-3.32%"
"Dec 03, 2018","2.623","2.584","2.628","2.584","0.15%"
"Dec 02, 2018","2.619","2.589","2.619","2.584","1.35%"
"Dec 01, 2018","2.584","2.589","2.589","2.584","-0.23%"
"Nov 30, 2018","2.590","2.610","2.624","2.589","-0.96%"
"Nov 29, 2018","2.615","2.623","2.648","2.613","-0.30%"
"Nov 28, 2018","2.623","2.626","2.629","2.611","-0.49%"
"Nov 27, 2018","2.636","2.654","2.659","2.632","-0.26%"
"Nov 26, 2018","2.643","2.679","2.697","2.637","0.00%"
"Nov 25, 2018","2.643","2.646","2.697","2.637","-0.34%"
"Nov 24, 2018","2.652","2.646","2.652","2.646","-0.41%"
"Nov 23, 2018","2.663","2.679","2.687","2.663","0.00%"
"Nov 22, 2018","2.663","2.698","2.727","2.662","-1.63%"
"Nov 21, 2018","2.707","2.700","2.719","2.700","0.19%"
"Nov 20, 2018","2.702","2.675","2.712","2.675","1.50%"
"Nov 19, 2018","2.662","2.652","2.671","2.652","0.08%"
"Nov 18, 2018","2.660","2.676","2.681","2.652","-0.60%"
"Nov 17, 2018","2.676","2.676","2.676","2.676","-0.19%"
"Nov 16, 2018","2.681","2.690","2.713","2.676","-1.76%"
"Nov 15, 2018","2.729","2.708","2.748","2.699","0.55%"
"Nov 14, 2018","2.714","2.715","2.734","2.701","-0.37%"
"Nov 13, 2018","2.724","2.717","2.726","2.702","-0.73%"
"Nov 12, 2018","2.744","2.737","2.744","2.718","0.59%"
"Nov 11, 2018","2.728","2.758","2.758","2.725","-0.47%"
"Nov 10, 2018","2.741","2.758","2.758","2.741","-0.62%"
"Nov 09, 2018","2.758","2.791","2.828","2.757","-0.22%"
"Nov 08, 2018","2.764","2.764","2.776","2.747","1.25%"
"Nov 07, 2018","2.730","2.737","2.764","2.716","-0.07%"
"Nov 06, 2018","2.732","2.727","2.742","2.722","0.04%"
"Nov 05, 2018","2.731","2.701","2.766","2.701","-0.58%"
"Nov 04, 2018","2.747","2.697","2.766","2.697","0.92%"
"Nov 03, 2018","2.722","2.722","2.722","2.722","2.25%"
"Nov 02, 2018","2.662","2.644","2.682","2.637","0.08%"
"Nov 01, 2018","2.660","2.628","2.666","2.624","1.68%"
"Oct 31, 2018","2.616","2.616","2.663","2.601","1.20%"
"Oct 30, 2018","2.585","2.580","2.598","2.575","0.39%"
"Oct 29, 2018","2.575","2.569","2.588","2.565","0.04%"
"Oct 28, 2018","2.574","2.594","2.594","2.568","-0.12%"
"Oct 27, 2018","2.577","2.575","2.577","2.575","-0.92%"
"Oct 26, 2018","2.601","2.662","2.662","2.592","-0.95%"
"Oct 25, 2018","2.626","2.624","2.637","2.586","-1.98%"
"Oct 24, 2018","2.679","2.687","2.696","2.639","-0.33%"
"Oct 23, 2018","2.688","2.719","2.722","2.687","-1.07%"
"Oct 22, 2018","2.717","2.722","2.727","2.687","0.00%"
"Oct 21, 2018","2.717","2.730","2.731","2.714","-0.48%"
"Oct 20, 2018","2.730","2.730","2.730","2.730","1.56%"
"Oct 19, 2018","2.688","2.720","2.744","2.678","-2.18%"
"Oct 18, 2018","2.748","2.737","2.753","2.729","1.10%"
"Oct 17, 2018","2.718","2.729","2.735","2.684","-0.33%"
"Oct 16, 2018","2.727","2.723","2.735","2.713","0.70%"
"Oct 15, 2018","2.708","2.711","2.749","2.698","-0.91%"
"Oct 14, 2018","2.733","2.750","2.750","2.711","-0.36%"
"Oct 13, 2018","2.743","2.743","2.743","2.743","-0.36%"
"Oct 12, 2018","2.753","2.730","2.757","2.715","0.88%"
"Oct 11, 2018","2.729","2.756","2.759","2.710","-0.76%"
"Oct 10, 2018","2.750","2.768","2.775","2.744","-1.26%"
"Oct 09, 2018","2.785","2.773","2.785","2.755","0.14%"
"Oct 08, 2018","2.781","2.772","2.786","2.764","0.62%"
"Oct 07, 2018","2.764","2.771","2.773","2.764","-0.25%"
"Oct 06, 2018","2.771","2.771","2.771","2.771","1.91%"
"Oct 05, 2018","2.719","2.709","2.730","2.704","0.07%"
"Oct 04, 2018","2.717","2.725","2.733","2.694","3.27%"
"Oct 03, 2018","2.631","2.664","2.664","2.629","-2.12%"
"Oct 02, 2018","2.688","2.680","2.696","2.680","0.86%"
"Oct 01, 2018","2.665","2.680","2.680","2.655","-0.07%"
"Sep 30, 2018","2.667","2.667","2.667","2.667","-0.15%"
"Sep 28, 2018","2.671","2.706","2.706","2.671","-1.18%"
"Sep 27, 2018","2.703","2.665","2.710","2.665","-1.67%"
"Sep 26, 2018","2.749","2.786","2.786","2.749","-0.25%"
"Sep 25, 2018","2.756","2.706","2.761","2.706","1.66%"
"Sep 24, 2018","2.711","2.691","2.712","2.691","0.44%"
"Sep 23, 2018","2.699","2.699","2.699","2.699","-0.11%"
"Sep 21, 2018","2.702","2.706","2.712","2.692","-0.52%"
"Sep 20, 2018","2.716","2.742","2.742","2.710","0.41%"
"Sep 19, 2018","2.705","2.705","2.716","2.698","1.81%"
"Sep 18, 2018","2.657","2.649","2.658","2.633","1.26%"
"Sep 17, 2018","2.624","2.645","2.645","2.612","0.85%"
"Sep 16, 2018","2.602","2.602","2.602","2.602","-0.04%"
"Sep 14, 2018","2.603","2.609","2.619","2.603","-0.34%"
"Sep 13, 2018","2.612","2.591","2.613","2.567","0.81%"
"Sep 12, 2018","2.591","2.580","2.618","2.580","0.19%"
"Sep 11, 2018","2.586","2.574","2.599","2.557","-0.08%"
"Sep 10, 2018","2.588","2.598","2.603","2.578","1.45%"
"Sep 07, 2018","2.551","2.535","2.560","2.535","-0.55%"
"Sep 06, 2018","2.565","2.550","2.579","2.550","-0.31%"
"Sep 05, 2018","2.573","2.548","2.576","2.541","2.63%"
"Sep 04, 2018","2.507","2.505","2.511","2.500","0.12%"
"Sep 03, 2018","2.504","2.485","2.510","2.485","-0.56%"
"Sep 02, 2018","2.518","2.518","2.518","2.518","-0.28%"
"Aug 31, 2018","2.525","2.580","2.580","2.524","-1.56%"
"Aug 30, 2018","2.565","2.555","2.580","2.555","-0.54%"
"Aug 29, 2018","2.579","2.600","2.600","2.577","0.12%"
"Aug 28, 2018","2.576","2.603","2.603","2.571","1.18%"
"Aug 27, 2018","2.546","2.547","2.562","2.542","0.47%"
"Aug 26, 2018","2.534","2.534","2.534","2.534","0.00%"
"Aug 25, 2018","2.534","2.534","2.534","2.534","-0.51%"
"Aug 24, 2018","2.547","2.532","2.552","2.527","0.83%"
"Aug 23, 2018","2.526","2.557","2.557","2.521","-0.63%"
"Aug 22, 2018","2.542","2.556","2.557","2.536","0.04%"
"Aug 21, 2018","2.541","2.514","2.541","2.511","0.00%"
"Aug 20, 2018","2.541","2.558","2.558","2.531","-0.08%"
"Aug 19, 2018","2.543","2.543","2.543","2.543","-0.51%"
"Aug 18, 2018","2.556","2.556","2.556","2.556","0.24%"
"Aug 17, 2018","2.550","2.563","2.570","2.546","-0.43%"
"Aug 16, 2018","2.561","2.565","2.578","2.541","-0.43%"
"Aug 15, 2018","2.572","2.635","2.635","2.561","-0.62%"
"Aug 14, 2018","2.588","2.588","2.595","2.580","0.70%"
"Aug 13, 2018","2.570","2.560","2.590","2.560","-0.70%"
"Aug 12, 2018","2.588","2.588","2.588","2.588","-0.35%"
"Aug 11, 2018","2.597","2.597","2.597","2.597","-1.07%"
"Aug 10, 2018","2.625","2.625","2.636","2.620","-1.28%"
"Aug 09, 2018","2.659","2.664","2.669","2.649","-0.75%"
"Aug 08, 2018","2.679","2.690","2.693","2.675","0.07%"
"Aug 07, 2018","2.677","2.675","2.680","2.658","-0.41%"
"Aug 06, 2018","2.688","2.738","2.758","2.688","-1.36%"
"Aug 05, 2018","2.725","2.725","2.725","2.725","-0.40%"
"Aug 04, 2018","2.736","2.736","2.736","2.736","0.22%"
"Aug 03, 2018","2.730","2.738","2.758","2.730","-0.18%"
"Aug 02, 2018","2.735","2.759","2.759","2.730","0.85%"
"Aug 01, 2018","2.712","2.681","2.712","2.656","1.50%"
"Jul 31, 2018","2.672","2.674","2.709","2.670","0.53%"
"Jul 30, 2018","2.658","2.629","2.661","2.629","0.53%"
"Jul 29, 2018","2.644","2.644","2.644","2.644","-0.56%"
"Jul 28, 2018","2.659","2.659","2.659","2.659","-0.08%"
"Jul 27, 2018","2.661","2.668","2.698","2.660","-1.44%"
"Jul 26, 2018","2.700","2.713","2.715","2.694","0.41%"
"Jul 25, 2018","2.689","2.729","2.729","2.684","-1.07%"
"Jul 24, 2018","2.718","2.703","2.730","2.703","1.72%"
"Jul 23, 2018","2.672","2.668","2.678","2.661","1.87%"
"Jul 20, 2018","2.623","2.635","2.638","2.617","-1.72%"
"Jul 19, 2018","2.669","2.608","2.672","2.608","0.83%"
"Jul 18, 2018","2.647","2.630","2.657","2.630","-0.75%"
"Jul 17, 2018","2.667","2.653","2.673","2.643","1.14%"
"Jul 16, 2018","2.637","2.648","2.652","2.623","0.27%"
"Jul 15, 2018","2.630","2.630","2.630","2.630","0.00%"
"Jul 14, 2018","2.630","2.630","2.630","2.630","-0.42%"
"Jul 13, 2018","2.641","2.625","2.643","2.620","0.42%"
"Jul 12, 2018","2.630","2.605","2.631","2.605","0.38%"
"Jul 11, 2018","2.620","2.614","2.628","2.604","-0.80%"
"Jul 10, 2018","2.641","2.608","2.651","2.608","1.30%"
"Jul 09, 2018","2.607","2.576","2.622","2.576","-0.65%"
"Jul 08, 2018","2.624","2.624","2.624","2.624","0.23%"
"Jul 06, 2018","2.618","2.559","2.621","2.559","0.89%"
"Jul 05, 2018","2.595","2.591","2.605","2.585","0.27%"
"Jul 04, 2018","2.588","2.577","2.599","2.577","-0.15%"
"Jul 03, 2018","2.592","2.585","2.607","2.585","-0.50%"
"Jul 02, 2018","2.605","2.638","2.639","2.600","-1.66%"
"Jun 30, 2018","2.649","2.649","2.649","2.649","-0.11%"
"Jun 29, 2018","2.652","2.654","2.657","2.627","0.84%"
"Jun 28, 2018","2.630","2.583","2.631","2.583","-0.49%"
"Jun 27, 2018","2.643","2.640","2.656","2.637","0.42%"
"Jun 26, 2018","2.632","2.611","2.637","2.611","-0.15%"
"Jun 25, 2018","2.636","2.630","2.645","2.625","-0.45%"
"Jun 24, 2018","2.648","2.648","2.648","2.648","-0.30%"
"Jun 22, 2018","2.656","2.631","2.661","2.631","-1.48%"
"Jun 21, 2018","2.696","2.680","2.696","2.663","1.93%"
"Jun 20, 2018","2.645","2.638","2.660","2.630","0.84%"
"Jun 19, 2018","2.623","2.666","2.671","2.622","-1.69%"
"Jun 18, 2018","2.668","2.700","2.700","2.662","-0.89%"
"Jun 17, 2018","2.692","2.692","2.692","2.692","-0.04%"
"Jun 15, 2018","2.693","2.689","2.701","2.682","-1.32%"
"Jun 14, 2018","2.729","2.773","2.773","2.729","-2.22%"
"Jun 13, 2018","2.791","2.786","2.798","2.783","-0.46%"
"Jun 12, 2018","2.804","2.793","2.810","2.793","0.54%"
"Jun 11, 2018","2.789","2.777","2.824","2.777","0.54%"
"Jun 10, 2018","2.774","2.774","2.774","2.774","-1.18%"
"Jun 08, 2018","2.807","2.809","2.824","2.806","-1.09%"
"Jun 07, 2018","2.838","2.800","2.853","2.800","2.71%"
"Jun 06, 2018","2.763","2.717","2.763","2.717","0.18%"
"Jun 05, 2018","2.758","2.767","2.777","2.752","0.91%"
"Jun 04, 2018","2.733","2.703","2.733","2.701","1.30%"
"Jun 03, 2018","2.698","2.698","2.698","2.698","0.11%"
"Jun 01, 2018","2.695","2.673","2.697","2.673","1.39%"
"May 31, 2018","2.658","2.672","2.672","2.636","0.80%"
"May 30, 2018","2.637","2.591","2.651","2.589","-3.12%"
"May 29, 2018","2.722","2.739","2.739","2.708","-0.84%"
"May 28, 2018","2.745","2.768","2.768","2.739","-1.44%"
"May 26, 2018","2.785","2.785","2.785","2.785","-0.21%"
"May 25, 2018","2.791","2.791","2.798","2.781","-0.39%"
"May 24, 2018","2.802","2.795","2.817","2.788","-1.58%"
"May 23, 2018","2.847","2.851","2.866","2.841","-0.66%"
"May 22, 2018","2.866","2.860","2.870","2.855","-0.42%"
"May 21, 2018","2.878","2.879","2.884","2.867","-0.79%"
"May 20, 2018","2.901","2.901","2.901","2.901","-0.99%"
"May 18, 2018","2.930","2.915","2.941","2.915","0.93%"
"May 17, 2018","2.903","2.906","2.916","2.889","0.62%"
"May 16, 2018","2.885","2.868","2.894","2.868","1.91%"
"May 15, 2018","2.831","2.809","2.833","2.809","1.94%"
"May 14, 2018","2.777","2.773","2.792","2.770","-0.04%"
"May 12, 2018","2.778","2.778","2.778","2.778","-0.43%"
"May 11, 2018","2.790","2.760","2.799","2.760","0.54%"
"May 10, 2018","2.775","2.795","2.800","2.774","-0.57%"
"May 09, 2018","2.791","2.780","2.794","2.765","1.82%"
"May 08, 2018","2.741","2.758","2.758","2.735","-0.54%"
"May 07, 2018","2.756","2.760","2.770","2.745","-0.43%"
"May 06, 2018","2.768","2.768","2.768","2.768","-0.82%"
"May 04, 2018","2.791","2.760","2.792","2.755","-0.50%"
"May 03, 2018","2.805","2.810","2.815","2.790","0.32%"
"May 02, 2018","2.796","2.785","2.799","2.766","0.98%"
"May 01, 2018","2.769","2.810","2.810","2.750","-0.57%"
"Apr 30, 2018","2.785","2.804","2.813","2.780","-1.31%"
"Apr 29, 2018","2.822","2.822","2.822","2.822","-0.39%"
"Apr 27, 2018","2.833","2.814","2.839","2.814","-1.84%"
"Apr 26, 2018","2.886","2.875","2.886","2.868","1.55%"
"Apr 25, 2018","2.842","2.838","2.887","2.838","-0.11%"
"Apr 24, 2018","2.845","2.885","2.897","2.845","-0.87%"
"Apr 23, 2018","2.870","2.845","2.874","2.828","1.81%"
"Apr 20, 2018","2.819","2.813","2.826","2.808","0.75%"
"Apr 19, 2018","2.798","2.785","2.801","2.764","2.12%"
"Apr 18, 2018","2.740","2.783","2.783","2.739","-0.94%"
"Apr 17, 2018","2.766","2.757","2.767","2.747","0.69%"
"Apr 16, 2018","2.747","2.722","2.758","2.722","0.48%"
"Apr 15, 2018","2.734","2.734","2.734","2.734","0.48%"
"Apr 13, 2018","2.721","2.700","2.727","2.700","1.49%"
"Apr 12, 2018","2.681","2.660","2.686","2.660","0.04%"
"Apr 11, 2018","2.680","2.705","2.715","2.678","-0.56%"
"Apr 10, 2018","2.695","2.645","2.699","2.640","0.71%"
"Apr 09, 2018","2.676","2.650","2.681","2.647","0.87%"
"Apr 08, 2018","2.653","2.656","2.656","2.651","0.08%"
"Apr 07, 2018","2.651","2.656","2.656","2.651","-0.79%"
"Apr 06, 2018","2.672","2.701","2.728","2.658","0.04%"
"Apr 05, 2018","2.671","2.662","2.685","2.648","1.29%"
"Apr 04, 2018","2.637","2.641","2.643","2.591","1.15%"
"Apr 03, 2018","2.607","2.618","2.645","2.557","0.31%"
"Mar 30, 2018","2.599","2.599","2.599","2.599","0.62%"
"Mar 29, 2018","2.583","2.607","2.616","2.582","-0.65%"
"Mar 28, 2018","2.600","2.631","2.631","2.583","-2.62%"
"Mar 27, 2018","2.670","2.694","2.699","2.649","0.26%"
"Mar 26, 2018","2.663","2.672","2.683","2.661","-0.56%"
"Mar 25, 2018","2.678","2.648","2.683","2.648","0.37%"
"Mar 24, 2018","2.668","2.648","2.668","2.648","0.00%"
"Mar 23, 2018","2.668","2.698","2.710","2.651","-0.71%"
"Mar 22, 2018","2.687","2.730","2.752","2.682","-0.99%"
"Mar 21, 2018","2.714","2.716","2.735","2.699","0.52%"
"Mar 20, 2018","2.700","2.710","2.710","2.680","-0.55%"
"Mar 19, 2018","2.715","2.720","2.723","2.675","0.11%"
"Mar 18, 2018","2.712","2.690","2.723","2.675","-0.11%"
"Mar 17, 2018","2.715","2.690","2.715","2.690","0.85%"
"Mar 16, 2018","2.692","2.709","2.720","2.691","-1.36%"
"Mar 15, 2018","2.729","2.748","2.757","2.712","-1.12%"
"Mar 14, 2018","2.760","2.791","2.801","2.756","-2.20%"
"Mar 13, 2018","2.822","2.827","2.848","2.812","-0.04%"
"Mar 12, 2018","2.823","2.823","2.847","2.818","-0.07%"
"Mar 11, 2018","2.825","2.803","2.847","2.782","0.61%"
"Mar 09, 2018","2.808","2.808","2.817","2.764","-0.32%"
"Mar 08, 2018","2.817","2.818","2.837","2.816","0.11%"
"Mar 07, 2018","2.814","2.826","2.840","2.798","-0.04%"
"Mar 06, 2018","2.815","2.807","2.824","2.787","3.19%"
"Mar 05, 2018","2.728","2.776","2.776","2.714","-1.02%"
"Mar 04, 2018","2.756","2.775","2.776","2.714","1.32%"
"Mar 02, 2018","2.720","2.718","2.739","2.694","-0.69%"
"Mar 01, 2018","2.739","2.775","2.795","2.739","-1.65%"
"Feb 28, 2018","2.785","2.791","2.810","2.764","1.09%"
"Feb 27, 2018","2.755","2.756","2.765","2.704","0.04%"
"Feb 26, 2018","2.754","2.793","2.802","2.753","-0.90%"
"Feb 25, 2018","2.779","2.820","2.820","2.753","-0.50%"
"Feb 24, 2018","2.793","2.807","2.807","2.793","-1.55%"
"Feb 23, 2018","2.837","2.838","2.873","2.823","-0.63%"
"Feb 22, 2018","2.855","2.884","2.884","2.851","-0.52%"
"Feb 21, 2018","2.870","2.880","2.909","2.826","-0.83%"
"Feb 20, 2018","2.894","2.900","2.900","2.840","0.52%"
"Feb 19, 2018","2.879","2.888","2.894","2.826","0.35%"
"Feb 18, 2018","2.869","2.888","2.901","2.826","-0.66%"
"Feb 17, 2018","2.888","2.888","2.888","2.888","-0.55%"
"Feb 16, 2018","2.904","2.907","2.923","2.851","-0.34%"
"Feb 15, 2018","2.914","2.925","2.934","2.902","2.86%"
"Feb 14, 2018","2.833","2.855","2.864","2.797","-1.22%"
"Feb 13, 2018","2.868","2.894","2.905","2.862","-1.04%"
"Feb 12, 2018","2.898","2.852","2.903","2.846","0.91%"
"Feb 11, 2018","2.872","2.835","2.872","2.835","0.70%"
"Feb 10, 2018","2.852","2.852","2.852","2.852","0.14%"
"Feb 09, 2018","2.848","2.890","2.890","2.837","-0.18%"
"Feb 08, 2018","2.853","2.889","2.894","2.841","0.11%"
"Feb 07, 2018","2.850","2.880","2.892","2.846","1.75%"
"Feb 06, 2018","2.801","2.876","2.911","2.779","-3.21%"
"Feb 05, 2018","2.894","2.875","2.917","2.846","0.56%"
"Feb 04, 2018","2.878","2.875","2.893","2.846","1.95%"
"Feb 02, 2018","2.823","2.844","2.857","2.792","0.07%"
"Feb 01, 2018","2.821","2.819","2.827","2.756","0.75%"
"Jan 31, 2018","2.800","2.849","2.873","2.793","-2.10%"
"Jan 30, 2018","2.860","2.863","2.872","2.815","0.74%"
"Jan 29, 2018","2.839","2.854","2.854","2.824","-0.18%"
"Jan 28, 2018","2.844","2.822","2.854","2.822","-0.39%"
"Jan 27, 2018","2.855","2.855","2.855","2.855","0.60%"
"Jan 26, 2018","2.838","2.826","2.841","2.771","0.32%"
"Jan 25, 2018","2.829","2.842","2.855","2.823","1.07%"
"Jan 24, 2018","2.799","2.811","2.816","2.779","-1.58%"
"Jan 23, 2018","2.844","2.860","2.898","2.843","-0.18%"
"Jan 22, 2018","2.849","2.864","2.867","2.813","-0.31%"
"Jan 21, 2018","2.858","2.835","2.866","2.813","-0.14%"
"Jan 20, 2018","2.862","2.862","2.862","2.862","0.53%"
"Jan 19, 2018","2.847","2.826","2.865","2.811","1.75%"
"Jan 18, 2018","2.798","2.799","2.818","2.752","1.34%"
"Jan 17, 2018","2.761","2.754","2.762","2.726","-0.07%"
"Jan 16, 2018","2.763","2.765","2.773","2.750","0.77%"
"Jan 15, 2018","2.742","2.752","2.767","2.731","-0.33%"
"Jan 14, 2018","2.751","2.719","2.767","2.719","0.00%"
"Jan 13, 2018","2.751","2.751","2.751","2.751","1.07%"
"Jan 12, 2018","2.722","2.740","2.782","2.715","-0.18%"
"Jan 11, 2018","2.727","2.718","2.762","2.662","0.89%"
"Jan 10, 2018","2.703","2.701","2.719","2.678","2.00%"
"Jan 09, 2018","2.650","2.647","2.655","2.630","1.18%"
"Jan 08, 2018","2.619","2.642","2.645","2.594","-0.57%"
"Jan 07, 2018","2.634","2.608","2.645","2.594","-0.34%"
"Jan 06, 2018","2.643","2.643","2.643","2.643","0.53%"
"Jan 05, 2018","2.629","2.642","2.684","2.624","-1.31%"
"Jan 04, 2018","2.664","2.682","2.710","2.642","-1.11%"
"Jan 03, 2018","2.694","2.714","2.752","2.694","1.20%"
"Jan 02, 2018","2.662","2.648","2.672","2.647","0.23%"
"Jan 01, 2018","2.656","2.630","2.660","2.630","0.64%"
"Dec 31, 2017","2.639","2.630","2.639","2.630","-0.38%"
"Dec 30, 2017","2.649","2.649","2.649","2.649","-0.53%"
"Dec 29, 2017","2.663","2.687","2.687","2.650","-0.75%"
"Dec 28, 2017","2.683","2.665","2.694","2.653","-1.43%"
"Dec 27, 2017","2.722","2.714","2.733","2.714","0.04%"
"Dec 26, 2017","2.721","2.710","2.721","2.710","0.04%"
"Dec 25, 2017","2.720","2.710","2.720","2.710","0.00%"
"Dec 24, 2017","2.720","2.710","2.720","2.710","-0.37%"
"Dec 23, 2017","2.730","2.730","2.730","2.730","0.81%"
"Dec 22, 2017","2.708","2.691","2.708","2.640","1.54%"
"Dec 21, 2017","2.667","2.682","2.688","2.636","0.91%"
"Dec 20, 2017","2.643","2.661","2.694","2.633","3.12%"
"Dec 19, 2017","2.563","2.566","2.592","2.556","0.00%"
"Dec 18, 2017","2.563","2.558","2.581","2.527","-0.31%"
"Dec 17, 2017","2.571","2.524","2.574","2.524","0.51%"
"Dec 16, 2017","2.558","2.541","2.558","2.541","1.03%"
"Dec 15, 2017","2.532","2.545","2.557","2.488","-0.78%"
"Dec 14, 2017","2.552","2.519","2.566","2.502","0.67%"
"Dec 13, 2017","2.535","2.559","2.562","2.531","-0.74%"
"Dec 12, 2017","2.554","2.584","2.620","2.554","-0.35%"
"Dec 11, 2017","2.563","2.553","2.573","2.551","0.20%"
"Dec 10, 2017","2.558","2.528","2.573","2.528","0.20%"
"Dec 09, 2017","2.553","2.553","2.553","2.553","0.55%"
"Dec 08, 2017","2.539","2.540","2.553","2.521","0.55%"
"Dec 07, 2017","2.525","2.523","2.556","2.520","0.00%"
"Dec 06, 2017","2.525","2.571","2.599","2.522","-2.32%"
"Dec 05, 2017","2.585","2.555","2.586","2.505","0.98%"
"Dec 04, 2017","2.560","2.522","2.580","2.514","-0.04%"
"Dec 03, 2017","2.561","2.533","2.561","2.514","0.99%"
"Dec 01, 2017","2.536","2.552","2.569","2.492","1.04%"
"Nov 30, 2017","2.510","2.528","2.559","2.504","0.60%"
"Nov 29, 2017","2.495","2.521","2.532","2.488","-0.60%"
"Nov 28, 2017","2.510","2.524","2.535","2.476","-0.55%"
"Nov 27, 2017","2.524","2.538","2.553","2.485","0.20%"
"Nov 26, 2017","2.519","2.503","2.553","2.485","-0.75%"
"Nov 25, 2017","2.538","2.538","2.538","2.538","1.12%"
"Nov 24, 2017","2.510","2.523","2.523","2.494","-0.63%"
"Nov 23, 2017","2.526","2.518","2.526","2.479","-0.36%"
"Nov 22, 2017","2.535","2.572","2.572","2.525","-0.98%"
"Nov 21, 2017","2.560","2.597","2.598","2.559","0.20%"
"Nov 20, 2017","2.555","2.566","2.592","2.554","-0.43%"
"Nov 19, 2017","2.566","2.571","2.592","2.560","-0.58%"
"Nov 18, 2017","2.581","2.581","2.581","2.581","-0.31%"
"Nov 17, 2017","2.589","2.617","2.654","2.584","-0.15%"
"Nov 16, 2017","2.593","2.576","2.599","2.544","-0.38%"
"Nov 15, 2017","2.603","2.647","2.647","2.593","-2.11%"
"Nov 14, 2017","2.659","2.656","2.673","2.591","1.14%"
"Nov 13, 2017","2.629","2.670","2.676","2.629","-0.90%"
"Nov 12, 2017","2.653","2.612","2.676","2.612","-0.64%"
"Nov 11, 2017","2.670","2.670","2.670","2.670","1.99%"
"Nov 10, 2017","2.618","2.638","2.658","2.618","0.19%"
"Nov 09, 2017","2.613","2.616","2.625","2.592","1.12%"
"Nov 08, 2017","2.584","2.606","2.606","2.569","-0.58%"
"Nov 07, 2017","2.599","2.602","2.612","2.551","0.62%"
"Nov 06, 2017","2.583","2.593","2.593","2.570","0.31%"
"Nov 05, 2017","2.575","2.568","2.593","2.568","-0.69%"
"Nov 04, 2017","2.593","2.593","2.593","2.593","0.12%"
"Nov 03, 2017","2.590","2.651","2.651","2.571","-2.67%"
"Nov 02, 2017","2.661","2.711","2.718","2.655","-1.92%"
"Nov 01, 2017","2.713","2.706","2.714","2.693","1.19%"
"Oct 31, 2017","2.681","2.709","2.713","2.680","-1.79%"
"Oct 30, 2017","2.730","2.761","2.790","2.709","-0.40%"
"Oct 29, 2017","2.741","2.773","2.790","2.709","-0.72%"
"Oct 28, 2017","2.761","2.761","2.761","2.761","-0.68%"
"Oct 27, 2017","2.780","2.817","2.818","2.758","0.00%"
"Oct 26, 2017","2.780","2.806","2.806","2.747","-0.11%"
"Oct 25, 2017","2.783","2.831","2.835","2.767","0.00%"
"Oct 24, 2017","2.783","2.799","2.820","2.753","-0.93%"
"Oct 23, 2017","2.809","2.832","2.873","2.809","-0.57%"
"Oct 22, 2017","2.825","2.832","2.873","2.816","-0.25%"
"Oct 21, 2017","2.832","2.832","2.832","2.832","1.72%"
"Oct 20, 2017","2.784","2.776","2.790","2.744","0.18%"
"Oct 19, 2017","2.779","2.774","2.816","2.736","1.61%"
"Oct 18, 2017","2.735","2.772","2.772","2.730","-1.33%"
"Oct 17, 2017","2.772","2.793","2.797","2.741","0.36%"
"Oct 16, 2017","2.762","2.787","2.798","2.742","-0.75%"
"Oct 15, 2017","2.783","2.790","2.798","2.742","-0.11%"
"Oct 14, 2017","2.786","2.786","2.786","2.786","-0.75%"
"Oct 13, 2017","2.807","2.798","2.833","2.782","-0.32%"
"Oct 12, 2017","2.816","2.824","2.850","2.813","-0.78%"
"Oct 11, 2017","2.838","2.842","2.852","2.805","-0.39%"
"Oct 10, 2017","2.849","2.834","2.851","2.804","0.60%"
"Oct 09, 2017","2.832","2.849","2.852","2.823","-0.35%"
"Oct 08, 2017","2.842","2.832","2.849","2.824","-0.25%"
"Oct 07, 2017","2.849","2.849","2.849","2.849","0.99%"
"Oct 06, 2017","2.821","2.826","2.832","2.797","0.86%"
"Oct 05, 2017","2.797","2.821","2.825","2.793","-0.92%"
"Oct 04, 2017","2.823","2.845","2.875","2.817","-1.40%"
"Oct 03, 2017","2.863","2.874","2.902","2.849","-0.66%"
"Oct 02, 2017","2.882","2.850","2.893","2.811","0.73%"
"Oct 01, 2017","2.861","2.839","2.893","2.811","0.67%"
"Sep 29, 2017","2.842","2.850","2.852","2.818","-0.56%"
"Sep 28, 2017","2.858","2.850","2.867","2.798","2.14%"
"Sep 27, 2017","2.798","2.804","2.804","2.782","0.76%"
"Sep 26, 2017","2.777","2.793","2.798","2.777","-0.75%"
"Sep 25, 2017","2.798","2.777","2.821","2.777","-0.07%"
"Sep 24, 2017","2.800","2.800","2.800","2.791","-0.14%"
"Sep 22, 2017","2.804","2.836","2.836","2.779","-2.23%"
"Sep 21, 2017","2.868","2.891","2.901","2.847","0.49%"
"Sep 20, 2017","2.854","2.836","2.861","2.819","1.39%"
"Sep 19, 2017","2.815","2.833","2.834","2.806","0.18%"
"Sep 18, 2017","2.810","2.799","2.810","2.789","1.48%"
"Sep 17, 2017","2.769","2.740","2.769","2.740","0.44%"
"Sep 15, 2017","2.757","2.770","2.770","2.738","0.69%"
"Sep 14, 2017","2.738","2.711","2.748","2.693","2.24%"
"Sep 13, 2017","2.678","2.693","2.697","2.675","1.44%"
"Sep 12, 2017","2.640","2.656","2.660","2.614","0.61%"
"Sep 11, 2017","2.624","2.598","2.645","2.598","1.31%"
"Sep 08, 2017","2.590","2.598","2.612","2.562","-2.30%"
"Sep 07, 2017","2.651","2.666","2.671","2.624","1.88%"
"Sep 06, 2017","2.602","2.638","2.638","2.600","-2.95%"
"Sep 05, 2017","2.681","2.658","2.691","2.604","1.09%"
"Sep 04, 2017","2.652","2.673","2.674","2.634","-0.97%"
"Sep 03, 2017","2.678","2.658","2.678","2.658","-0.78%"
"Sep 02, 2017","2.699","2.699","2.699","2.699","0.52%"
"Sep 01, 2017","2.685","2.693","2.727","2.659","-1.43%"
"Aug 31, 2017","2.724","2.686","2.754","2.661","1.60%"
"Aug 30, 2017","2.681","2.654","2.697","2.632","1.90%"
"Aug 29, 2017","2.631","2.678","2.708","2.627","-1.35%"
"Aug 28, 2017","2.667","2.662","2.692","2.644","0.49%"
"Aug 27, 2017","2.654","2.662","2.662","2.654","0.00%"
"Aug 26, 2017","2.654","2.645","2.654","2.645","-0.11%"
"Aug 25, 2017","2.657","2.666","2.677","2.640","0.19%"
"Aug 24, 2017","2.652","2.669","2.672","2.647","-1.23%"
"Aug 23, 2017","2.685","2.688","2.712","2.675","1.32%"
"Aug 22, 2017","2.650","2.643","2.667","2.631","0.23%"
"Aug 21, 2017","2.644","2.619","2.648","2.586","1.07%"
"Aug 20, 2017","2.616","2.616","2.618","2.616","-0.04%"
"Aug 19, 2017","2.617","2.616","2.618","2.616","-0.46%"
"Aug 18, 2017","2.629","2.633","2.640","2.581","-0.76%"
"Aug 17, 2017","2.649","2.658","2.678","2.635","-0.97%"
"Aug 16, 2017","2.675","2.689","2.705","2.650","0.53%"
"Aug 15, 2017","2.661","2.632","2.670","2.632","1.37%"
"Aug 14, 2017","2.625","2.618","2.625","2.599","0.11%"
"Aug 13, 2017","2.622","2.588","2.622","2.588","0.77%"
"Aug 12, 2017","2.602","2.588","2.602","2.588","0.50%"
"Aug 11, 2017","2.589","2.636","2.637","2.574","-2.63%"
"Aug 10, 2017","2.659","2.655","2.668","2.610","0.61%"
"Aug 09, 2017","2.643","2.667","2.691","2.612","0.00%"
"Aug 08, 2017","2.643","2.660","2.661","2.634","-0.68%"
"Aug 07, 2017","2.661","2.643","2.699","2.601","0.57%"
"Aug 06, 2017","2.646","2.646","2.646","2.620","0.00%"
"Aug 05, 2017","2.646","2.620","2.646","2.620","0.42%"
"Aug 04, 2017","2.635","2.643","2.661","2.601","-1.86%"
"Aug 03, 2017","2.685","2.712","2.713","2.662","-1.29%"
"Aug 02, 2017","2.720","2.699","2.726","2.671","0.18%"
"Aug 01, 2017","2.715","2.712","2.729","2.692","0.74%"
"Jul 31, 2017","2.695","2.718","2.718","2.685","-0.59%"
"Jul 30, 2017","2.711","2.683","2.711","2.683","0.44%"
"Jul 29, 2017","2.699","2.699","2.699","2.699","0.00%"
"Jul 28, 2017","2.699","2.723","2.736","2.695","0.15%"
"Jul 27, 2017","2.695","2.711","2.711","2.685","-1.61%"
"Jul 26, 2017","2.739","2.778","2.778","2.721","1.48%"
"Jul 25, 2017","2.699","2.721","2.721","2.695","0.71%"
"Jul 24, 2017","2.680","2.707","2.733","2.664","-1.00%"
"Jul 23, 2017","2.707","2.703","2.717","2.698","0.26%"
"Jul 22, 2017","2.700","2.698","2.700","2.698","-0.44%"
"Jul 21, 2017","2.712","2.756","2.763","2.687","-1.88%"
"Jul 20, 2017","2.764","2.761","2.794","2.719","1.28%"
"Jul 19, 2017","2.729","2.736","2.742","2.719","-1.37%"
"Jul 18, 2017","2.767","2.745","2.790","2.696","1.39%"
"Jul 17, 2017","2.729","2.741","2.771","2.704","0.52%"
"Jul 16, 2017","2.715","2.715","2.715","2.715","0.00%"
"Jul 15, 2017","2.715","2.715","2.715","2.715","-0.66%"
"Jul 14, 2017","2.733","2.723","2.749","2.720","1.30%"
"Jul 13, 2017","2.698","2.733","2.733","2.733","-3.02%"
"Jul 12, 2017","2.782","2.781","2.788","2.775","-0.47%"
"Jul 11, 2017","2.795","2.782","2.798","2.772","0.36%"
"Jul 10, 2017","2.785","2.782","2.794","2.778","0.61%"
"Jul 08, 2017","2.768","2.778","2.778","2.768","3.48%"
"Jul 07, 2017","2.675","2.639","2.691","2.621","3.52%"
"Jul 06, 2017","2.584","2.583","2.605","2.557","-0.39%"
"Jul 05, 2017","2.594","2.598","2.600","2.576","-0.84%"
"Jul 04, 2017","2.616","2.644","2.651","2.605","-0.98%"
"Jul 03, 2017","2.642","2.655","2.663","2.628","-0.45%"
"Jul 02, 2017","2.654","2.598","2.654","2.598","2.16%"
"Jul 01, 2017","2.598","2.650","2.650","2.598","-0.19%"
"Jun 30, 2017","2.603","2.605","2.608","2.580","3.66%"
"Jun 29, 2017","2.511","2.486","2.512","2.479","2.57%"
"Jun 28, 2017","2.448","2.451","2.458","2.438","3.20%"
"Jun 27, 2017","2.372","2.371","2.378","2.342","-0.67%"
"Jun 26, 2017","2.388","2.381","2.397","2.373","0.29%"
"Jun 25, 2017","2.381","2.390","2.390","2.370","0.46%"
"Jun 24, 2017","2.370","2.370","2.370","2.370","-0.80%"
"Jun 23, 2017","2.389","2.393","2.402","2.382","-0.21%"
"Jun 22, 2017","2.394","2.418","2.418","2.388","-0.62%"
"Jun 21, 2017","2.409","2.424","2.430","2.399","-1.23%"
"Jun 20, 2017","2.439","2.448","2.450","2.434","0.37%"
"Jun 19, 2017","2.430","2.423","2.439","2.411","0.29%"
"Jun 18, 2017","2.423","2.425","2.425","2.405","0.33%"
"Jun 17, 2017","2.415","2.425","2.425","2.415","-0.37%"
"Jun 16, 2017","2.424","2.413","2.429","2.394","2.28%"
"Jun 15, 2017","2.370","2.341","2.383","2.332","-1.90%"
"Jun 14, 2017","2.416","2.412","2.425","2.404","0.12%"
"Jun 13, 2017","2.413","2.439","2.441","2.413","-1.07%"
"Jun 12, 2017","2.439","2.433","2.441","2.406","0.33%"
"Jun 11, 2017","2.431","2.416","2.431","2.400","1.29%"
"Jun 10, 2017","2.400","2.400","2.400","2.400","-0.74%"
"Jun 09, 2017","2.418","2.431","2.435","2.388","-0.37%"
"Jun 08, 2017","2.427","2.422","2.432","2.397","1.08%"
"Jun 07, 2017","2.401","2.369","2.408","2.358","0.25%"
"Jun 06, 2017","2.395","2.428","2.435","2.380","0.00%"
"Jun 05, 2017","2.395","2.389","2.410","2.361","0.25%"
"Jun 04, 2017","2.389","2.373","2.413","2.373","-0.99%"
"Jun 03, 2017","2.413","2.413","2.413","2.413","-0.49%"
"Jun 02, 2017","2.425","2.417","2.433","2.411","1.08%"
"Jun 01, 2017","2.399","2.409","2.424","2.375","0.17%"
"May 31, 2017","2.395","2.393","2.407","2.389","-0.33%"
"May 30, 2017","2.403","2.422","2.431","2.381","-1.23%"
"May 29, 2017","2.433","2.412","2.442","2.406","0.87%"
"May 28, 2017","2.412","2.398","2.412","2.398","0.17%"
"May 27, 2017","2.408","2.408","2.408","2.408","-0.21%"
"May 26, 2017","2.413","2.451","2.458","2.413","-1.59%"
"May 25, 2017","2.452","2.450","2.457","2.442","-1.45%"
"May 24, 2017","2.488","2.506","2.513","2.488","0.81%"
"May 23, 2017","2.468","2.496","2.497","2.454","-1.36%"
"May 22, 2017","2.502","2.493","2.512","2.444","1.17%"
"May 21, 2017","2.473","2.480","2.480","2.473","0.00%"
"May 20, 2017","2.473","2.473","2.473","2.473","-0.56%"
"May 19, 2017","2.487","2.509","2.509","2.479","-0.36%"
"May 18, 2017","2.496","2.473","2.499","2.468","-2.04%"
"May 17, 2017","2.548","2.577","2.577","2.546","-1.81%"
"May 16, 2017","2.595","2.601","2.609","2.588","-0.04%"
"May 15, 2017","2.596","2.563","2.606","2.563","-1.41%"
"May 14, 2017","2.633","2.612","2.633","2.612","0.00%"
"May 13, 2017","2.633","2.633","2.633","2.633","-0.15%"
"May 12, 2017","2.637","2.646","2.653","2.631","-1.12%"
"May 11, 2017","2.667","2.685","2.694","2.661","-0.63%"
"May 10, 2017","2.684","2.716","2.716","2.675","-0.48%"
"May 09, 2017","2.697","2.710","2.722","2.697","0.19%"
"May 08, 2017","2.692","2.626","2.694","2.626","1.13%"
"May 07, 2017","2.662","2.662","2.665","2.648","0.00%"
"May 06, 2017","2.662","2.648","2.677","2.648","0.04%"
"May 05, 2017","2.661","2.668","2.692","2.657","0.45%"
"May 04, 2017","2.649","2.636","2.657","2.632","1.85%"
"May 03, 2017","2.601","2.591","2.605","2.583","-0.65%"
"May 02, 2017","2.618","2.626","2.639","2.614","1.28%"
"May 01, 2017","2.585","2.579","2.599","2.567","0.23%"
"Apr 30, 2017","2.579","2.570","2.579","2.570","0.04%"
"Apr 29, 2017","2.578","2.578","2.578","2.578","-0.31%"
"Apr 28, 2017","2.586","2.608","2.615","2.583","-1.18%"
"Apr 27, 2017","2.617","2.593","2.627","2.593","-0.87%"
"Apr 26, 2017","2.640","2.655","2.667","2.627","-0.11%"
"Apr 25, 2017","2.643","2.611","2.643","2.601","1.38%"
"Apr 24, 2017","2.607","2.575","2.641","2.567","2.52%"
"Apr 23, 2017","2.543","2.558","2.558","2.543","0.00%"
"Apr 22, 2017","2.543","2.543","2.543","2.543","-0.43%"
"Apr 21, 2017","2.554","2.551","2.568","2.534","1.35%"
"Apr 20, 2017","2.520","2.515","2.541","2.505","2.69%"
"Apr 19, 2017","2.454","2.448","2.475","2.448","-1.88%"
"Apr 18, 2017","2.501","2.544","2.544","2.496","-1.73%"
"Apr 17, 2017","2.545","2.524","2.545","2.524","0.83%"
"Apr 16, 2017","2.524","2.524","2.524","2.524","2.27%"
"Apr 13, 2017","2.468","2.470","2.484","2.451","-1.75%"
"Apr 12, 2017","2.512","2.492","2.528","2.492","-1.02%"
"Apr 11, 2017","2.538","2.559","2.568","2.533","-2.20%"
"Apr 10, 2017","2.595","2.605","2.625","2.595","1.65%"
"Apr 09, 2017","2.553","2.590","2.590","2.553","0.00%"
"Apr 08, 2017","2.553","2.553","2.553","2.553","0.08%"
"Apr 07, 2017","2.551","2.573","2.603","2.520","-1.62%"
"Apr 06, 2017","2.593","2.581","2.595","2.572","-0.84%"
"Apr 05, 2017","2.615","2.633","2.641","2.612","0.15%"
"Apr 04, 2017","2.611","2.622","2.627","2.609","-2.94%"
"Apr 03, 2017","2.690","2.743","2.743","2.675","-0.19%"
"Apr 01, 2017","2.695","2.695","2.695","2.695","-0.88%"
"Mar 31, 2017","2.719","2.715","2.728","2.703","0.74%"
"Mar 30, 2017","2.699","2.703","2.723","2.694","-1.57%"
"Mar 29, 2017","2.742","2.742","2.762","2.726","1.26%"
"Mar 28, 2017","2.708","2.740","2.740","2.708","0.22%"
"Mar 27, 2017","2.702","2.744","2.781","2.701","-1.82%"
"Mar 26, 2017","2.752","2.753","2.781","2.727","-0.04%"
"Mar 25, 2017","2.753","2.753","2.753","2.753","-0.83%"
"Mar 24, 2017","2.776","2.778","2.781","2.751","0.87%"
"Mar 23, 2017","2.752","2.768","2.770","2.746","-0.61%"
"Mar 22, 2017","2.769","2.779","2.796","2.764","-1.84%"
"Mar 21, 2017","2.821","2.808","2.835","2.806","-0.32%"
"Mar 20, 2017","2.830","2.865","2.869","2.822","-0.46%"
"Mar 19, 2017","2.843","2.860","2.869","2.838","-0.63%"
"Mar 18, 2017","2.861","2.858","2.863","2.858","-0.31%"
"Mar 17, 2017","2.870","2.873","2.894","2.870","1.49%"
"Mar 16, 2017","2.828","2.848","2.858","2.804","-3.71%"
"Mar 15, 2017","2.937","2.936","2.946","2.932","-0.34%"
"Mar 14, 2017","2.947","2.965","2.986","2.946","-0.30%"
"Mar 13, 2017","2.956","2.971","2.983","2.947","0.20%"
"Mar 12, 2017","2.950","2.983","2.983","2.947","-1.01%"
"Mar 11, 2017","2.980","2.983","2.983","2.980","-0.13%"
"Mar 10, 2017","2.984","2.972","2.988","2.969","1.63%"
"Mar 09, 2017","2.936","2.940","2.952","2.924","2.37%"
"Mar 08, 2017","2.868","2.874","2.889","2.857","1.52%"
"Mar 07, 2017","2.825","2.813","2.834","2.813","0.43%"
"Mar 06, 2017","2.813","2.844","2.852","2.809","-1.12%"
"Mar 05, 2017","2.845","2.809","2.852","2.809","0.74%"
"Mar 04, 2017","2.824","2.809","2.824","2.809","-0.04%"
"Mar 03, 2017","2.825","2.840","2.842","2.805","0.18%"
"Mar 02, 2017","2.820","2.833","2.838","2.807","0.32%"
"Mar 01, 2017","2.811","2.730","2.831","2.725","2.52%"
"Feb 28, 2017","2.742","2.744","2.756","2.727","1.07%"
"Feb 27, 2017","2.713","2.701","2.715","2.673","0.59%"
"Feb 26, 2017","2.697","2.701","2.707","2.673","-0.15%"
"Feb 25, 2017","2.701","2.731","2.731","2.701","-1.39%"
"Feb 24, 2017","2.739","2.763","2.766","2.735","-2.49%"
"Feb 23, 2017","2.809","2.816","2.829","2.800","-1.06%"
"Feb 22, 2017","2.839","2.810","2.840","2.796","0.53%"
"Feb 21, 2017","2.824","2.807","2.829","2.796","0.71%"
"Feb 20, 2017","2.804","2.802","2.818","2.784","0.14%"